pair_id,lead_day,layer,Q_scale,n,W_median_m,W_q25_m,W_q75_m
P1_continue_vs_stop,10,all,0.3,240,0.07144484086334213,0.05306761794806,0.0925437546318426
P1_continue_vs_stop,10,all,1.0,240,0.0819086822341831,0.060629234661816495,0.10417539546773763
P1_continue_vs_stop,10,all,3.0,240,0.0873287086183728,0.07170566098692445,0.10630603730656232
P1_continue_vs_stop,10,confined_T50,0.3,40,0.0963188136929808,0.07807738926649466,0.11112080303923882
P1_continue_vs_stop,10,confined_T50,1.0,40,0.09427157330811076,0.07929597025062121,0.10784622332156624
P1_continue_vs_stop,10,confined_T50,3.0,40,0.09442804938949034,0.07888374767284767,0.10777838989318389
P1_continue_vs_stop,10,confined_T500,0.3,40,0.08128527899135835,0.06933540383941547,0.09981917190677314
P1_continue_vs_stop,10,confined_T500,1.0,40,0.09985335827303514,0.07917262929904646,0.1088597712408253
P1_continue_vs_stop,10,confined_T500,3.0,40,0.09491776208942979,0.08312491652054407,0.11157896331346429
P1_continue_vs_stop,10,leaky_T50,0.3,40,0.08991228428772764,0.07354417817697097,0.10613705441830457
P1_continue_vs_stop,10,leaky_T50,1.0,40,0.0910249750036152,0.07584036297018966,0.10736416253657459
P1_continue_vs_stop,10,leaky_T50,3.0,40,0.09226293299867516,0.0771016922253624,0.10604252337254261
P1_continue_vs_stop,10,leaky_T500,0.3,40,0.0680877804805379,0.05504707451251441,0.08372741710349585
P1_continue_vs_stop,10,leaky_T500,1.0,40,0.1024511384105947,0.08693650642072885,0.116106066639483
P1_continue_vs_stop,10,leaky_T500,3.0,40,0.09632467978420158,0.07807715932392645,0.11112078075856463
P1_continue_vs_stop,10,unconfined_T50,0.3,40,0.04277218587059723,0.03152120590771694,0.05935858668147717
P1_continue_vs_stop,10,unconfined_T50,1.0,40,0.04857683138758433,0.039053557683641445,0.06279437787090375
P1_continue_vs_stop,10,unconfined_T50,3.0,40,0.057562055010934116,0.051887427559762764,0.07379764758999569
P1_continue_vs_stop,10,unconfined_T500,0.3,40,0.04432288723031301,0.03667025603199154,0.0595812280391904
P1_continue_vs_stop,10,unconfined_T500,1.0,40,0.05703449166183411,0.046895594895817266,0.07423759631775759
P1_continue_vs_stop,10,unconfined_T500,3.0,40,0.08249497493481958,0.07478236593304552,0.1013942534060833
P1_continue_vs_stop,30,all,0.3,240,0.0847999473813992,0.06315725427446137,0.10890842935524353
P1_continue_vs_stop,30,all,1.0,240,0.09529346185543197,0.07489846984968546,0.11630234316152122
P1_continue_vs_stop,30,all,3.0,240,0.1017310010187743,0.08288417684366621,0.12200029210921297
P1_continue_vs_stop,30,confined_T50,0.3,40,0.1067607381342589,0.0848029996893881,0.1258026594168688
P1_continue_vs_stop,30,confined_T50,1.0,40,0.10531677690467162,0.0865644963065739,0.12085005144630456
P1_continue_vs_stop,30,confined_T50,3.0,40,0.1039394972015737,0.08510603088058,0.12152558742210495
P1_continue_vs_stop,30,confined_T500,0.3,40,0.0922465054175485,0.08439393049631004,0.11328366031544959
P1_continue_vs_stop,30,confined_T500,1.0,40,0.10885260489665427,0.09093892934604633,0.13110206673970265
P1_continue_vs_stop,30,confined_T500,3.0,40,0.10969766713117265,0.09020444520258641,0.123811723525172
P1_continue_vs_stop,30,leaky_T50,0.3,40,0.10449257819586148,0.084918290274648,0.12104002028407589
P1_continue_vs_stop,30,leaky_T50,1.0,40,0.09826127840617838,0.0847861154711697,0.11688959189405247
P1_continue_vs_stop,30,leaky_T50,3.0,40,0.09949427278317835,0.08276020649295623,0.11573738808156125
P1_continue_vs_stop,30,leaky_T500,0.3,40,0.08040135425951722,0.06859992454642444,0.09543558452804604
P1_continue_vs_stop,30,leaky_T500,1.0,40,0.11410432630549003,0.0975329295501377,0.13079062710664488
P1_continue_vs_stop,30,leaky_T500,3.0,40,0.10676445980255825,0.08480299968924071,0.1258026594324658
P1_continue_vs_stop,30,unconfined_T50,0.3,40,0.055275133929265585,0.04032248196856596,0.077322870134551
P1_continue_vs_stop,30,unconfined_T50,1.0,40,0.0677909064901488,0.05731591439520446,0.08884670228359232
P1_continue_vs_stop,30,unconfined_T50,3.0,40,0.09318460380021457,0.06786959061766636,0.10704296309952652
P1_continue_vs_stop,30,unconfined_T500,0.3,40,0.05426596559593143,0.0470678376063513,0.07575817929542762
P1_continue_vs_stop,30,unconfined_T500,1.0,40,0.0698608190630427,0.0611440621566168,0.09008450919799668
P1_continue_vs_stop,30,unconfined_T500,3.0,40,0.09946405006322953,0.07559659685831369,0.1237812333509952
P2_current_vs_1p5x,10,all,0.3,240,0.035722420431671065,0.02653380897403,0.0462718773159213
P2_current_vs_1p5x,10,all,1.0,240,0.04095434111709155,0.030314617330908247,0.052087697733868815
P2_current_vs_1p5x,10,all,3.0,240,0.0436643543091864,0.035852830493462225,0.05315301865328116
P2_current_vs_1p5x,10,confined_T50,0.3,40,0.0481594068464904,0.03903869463324733,0.05556040151961941
P2_current_vs_1p5x,10,confined_T50,1.0,40,0.04713578665405538,0.039647985125310606,0.05392311166078312
P2_current_vs_1p5x,10,confined_T50,3.0,40,0.04721402469474517,0.039441873836423835,0.053889194946591945
P2_current_vs_1p5x,10,confined_T500,0.3,40,0.04064263949567917,0.034667701919707736,0.04990958595338657
P2_current_vs_1p5x,10,confined_T500,1.0,40,0.04992667913651757,0.03958631464952323,0.05442988562041265
P2_current_vs_1p5x,10,confined_T500,3.0,40,0.04745888104471489,0.04156245826027204,0.05578948165673214
P2_current_vs_1p5x,10,leaky_T50,0.3,40,0.04495614214386382,0.036772089088485484,0.05306852720915228
P2_current_vs_1p5x,10,leaky_T50,1.0,40,0.0455124875018076,0.03792018148509483,0.053682081268287295
P2_current_vs_1p5x,10,leaky_T50,3.0,40,0.04613146649933758,0.0385508461126812,0.053021261686271304
P2_current_vs_1p5x,10,leaky_T500,0.3,40,0.03404389024026895,0.027523537256257204,0.041863708551747925
P2_current_vs_1p5x,10,leaky_T500,1.0,40,0.05122556920529735,0.043468253210364426,0.0580530333197415
P2_current_vs_1p5x,10,leaky_T500,3.0,40,0.04816233989210079,0.039038579661963224,0.055560390379282315
P2_current_vs_1p5x,10,unconfined_T50,0.3,40,0.021386092935298615,0.01576060295385847,0.029679293340738586
P2_current_vs_1p5x,10,unconfined_T50,1.0,40,0.024288415693792163,0.019526778841820722,0.031397188935451875
P2_current_vs_1p5x,10,unconfined_T50,3.0,40,0.028781027505467058,0.025943713779881382,0.03689882379499784
P2_current_vs_1p5x,10,unconfined_T500,0.3,40,0.022161443615156505,0.01833512801599577,0.0297906140195952
P2_current_vs_1p5x,10,unconfined_T500,1.0,40,0.028517245830917054,0.023447797447908633,0.037118798158878794
P2_current_vs_1p5x,10,unconfined_T500,3.0,40,0.04124748746740979,0.03739118296652276,0.05069712670304165
P2_current_vs_1p5x,30,all,0.3,240,0.0423999736906996,0.03157862713723068,0.054454214677621765
P2_current_vs_1p5x,30,all,1.0,240,0.047646730927715986,0.03744923492484273,0.05815117158076061
P2_current_vs_1p5x,30,all,3.0,240,0.05086550050938715,0.041442088421833105,0.061000146054606484
P2_current_vs_1p5x,30,confined_T50,0.3,40,0.05338036906712945,0.04240149984469405,0.0629013297084344
P2_current_vs_1p5x,30,confined_T50,1.0,40,0.05265838845233581,0.04328224815328695,0.06042502572315228
P2_current_vs_1p5x,30,confined_T50,3.0,40,0.05196974860078685,0.04255301544029,0.060762793711052476
P2_current_vs_1p5x,30,confined_T500,0.3,40,0.04612325270877425,0.04219696524815502,0.056641830157724796
P2_current_vs_1p5x,30,confined_T500,1.0,40,0.054426302448327135,0.045469464673023166,0.06555103336985132
P2_current_vs_1p5x,30,confined_T500,3.0,40,0.05484883356558633,0.04510222260129321,0.061905861762586
P2_current_vs_1p5x,30,leaky_T50,0.3,40,0.05224628909793074,0.042459145137324,0.06052001014203794
P2_current_vs_1p5x,30,leaky_T50,1.0,40,0.04913063920308919,0.04239305773558485,0.058444795947026236
P2_current_vs_1p5x,30,leaky_T50,3.0,40,0.049747136391589175,0.04138010324647812,0.05786869404078063
P2_current_vs_1p5x,30,leaky_T500,0.3,40,0.04020067712975861,0.03429996227321222,0.04771779226402302
P2_current_vs_1p5x,30,leaky_T500,1.0,40,0.057052163152745014,0.04876646477506885,0.06539531355332244
P2_current_vs_1p5x,30,leaky_T500,3.0,40,0.053382229901279124,0.042401499844620355,0.0629013297162329
P2_current_vs_1p5x,30,unconfined_T50,0.3,40,0.027637566964632793,0.02016124098428298,0.0386614350672755
P2_current_vs_1p5x,30,unconfined_T50,1.0,40,0.0338954532450744,0.02865795719760223,0.04442335114179616
P2_current_vs_1p5x,30,unconfined_T50,3.0,40,0.04659230190010728,0.03393479530883318,0.05352148154976326
P2_current_vs_1p5x,30,unconfined_T500,0.3,40,0.027132982797965714,0.02353391880317565,0.03787908964771381
P2_current_vs_1p5x,30,unconfined_T500,1.0,40,0.03493040953152135,0.0305720310783084,0.04504225459899834
P2_current_vs_1p5x,30,unconfined_T500,3.0,40,0.049732025031614766,0.03779829842915684,0.0618906166754976
