stratum,distance_m,scheduled,active,no_question,all_numerator,all_denominator,all_rate,all_ci_low,all_ci_high,all_bootstrap_identified,all_bootstrap_missing,active_numerator,active_denominator,active_rate,active_ci_low,active_ci_high,active_bootstrap_identified,active_bootstrap_missing,storage_type,layer_id,calendar_type,origin_month
distance_m,20,2160,1242,918,1073,2160,0.49675925925925923,0.46199074074074076,0.5384722222222222,999,0,1073,1242,0.8639291465378421,0.8280202973127502,0.897634938540184,999,0,,,,
distance_m,200,2160,1242,918,671,2160,0.3106481481481482,0.2837268518518518,0.3430787037037037,999,0,671,1242,0.5402576489533011,0.5136332784862196,0.5693241712230924,999,0,,,,
distance_m+storage_type,20,720,414,306,396,720,0.55,0.5111111111111111,0.5958333333333333,999,0,396,414,0.9565217391304348,0.9195299389778795,0.9899386632825719,999,0,confined,,,
distance_m+storage_type,20,720,414,306,387,720,0.5375,0.5055555555555555,0.5791666666666667,999,0,387,414,0.9347826086956522,0.8816755340834964,0.9815789473684211,999,0,leaky,,,
distance_m+storage_type,20,720,414,306,290,720,0.4027777777777778,0.36666666666666664,0.4444444444444444,999,0,290,414,0.7004830917874396,0.6751152073732719,0.7304173164754372,999,0,unconfined,,,
distance_m+storage_type,200,720,414,306,359,720,0.4986111111111111,0.4583333333333333,0.5472222222222223,999,0,359,414,0.8671497584541062,0.8205681818181818,0.9187223375259433,999,0,confined,,,
distance_m+storage_type,200,720,414,306,299,720,0.4152777777777778,0.37916666666666665,0.4597916666666666,999,0,299,414,0.7222222222222222,0.6994749531514237,0.7487449563086368,999,0,leaky,,,
distance_m+storage_type,200,720,414,306,13,720,0.018055555555555554,0.006944444444444444,0.03194444444444444,999,0,13,414,0.03140096618357488,0.01213299094789175,0.05476190476190476,999,0,unconfined,,,
distance_m+layer_id,20,360,207,153,207,360,0.575,0.5222222222222223,0.6388888888888888,999,0,207,207,1.0,1.0,1.0,999,0,,confined_T50,,
distance_m+layer_id,20,360,207,153,189,360,0.525,0.49166666666666664,0.5612499999999999,999,0,189,207,0.9130434782608695,0.839059877955759,0.9798773265651437,999,0,,confined_T500,,
distance_m+layer_id,20,360,207,153,207,360,0.575,0.5222222222222223,0.6388888888888888,999,0,207,207,1.0,1.0,1.0,999,0,,leaky_T50,,
distance_m+layer_id,20,360,207,153,180,360,0.5,0.4665277777777778,0.5333333333333333,999,0,180,207,0.8695652173913043,0.7633510681669928,0.9631578947368421,999,0,,leaky_T500,,
distance_m+layer_id,20,360,207,153,207,360,0.575,0.5222222222222223,0.6388888888888888,999,0,207,207,1.0,1.0,1.0,999,0,,unconfined_T50,,
distance_m+layer_id,20,360,207,153,83,360,0.23055555555555557,0.19722222222222222,0.2611111111111111,999,0,83,207,0.40096618357487923,0.35023041474654376,0.46083463295087435,999,0,,unconfined_T500,,
distance_m+layer_id,200,360,207,153,207,360,0.575,0.5222222222222223,0.6388888888888888,999,0,207,207,1.0,1.0,1.0,999,0,,confined_T50,,
distance_m+layer_id,200,360,207,153,152,360,0.4222222222222222,0.37222222222222223,0.4722222222222222,999,0,152,207,0.7342995169082126,0.6411363636363636,0.8374446750518867,999,0,,confined_T500,,
distance_m+layer_id,200,360,207,153,207,360,0.575,0.5222222222222223,0.6388888888888888,999,0,207,207,1.0,1.0,1.0,999,0,,leaky_T50,,
distance_m+layer_id,200,360,207,153,92,360,0.25555555555555554,0.2222222222222222,0.2916666666666667,999,0,92,207,0.4444444444444444,0.3989499063028475,0.49748991261727354,999,0,,leaky_T500,,
distance_m+layer_id,200,360,207,153,11,360,0.030555555555555555,0.013750000000000007,0.05277777777777778,999,0,11,207,0.05314009661835749,0.022970482002740072,0.09006763676200907,999,0,,unconfined_T50,,
distance_m+layer_id,200,360,207,153,2,360,0.005555555555555556,0.0,0.013888888888888888,999,0,2,207,0.00966183574879227,0.0,0.024044267930137492,999,0,,unconfined_T500,,
distance_m+calendar_type,20,720,714,6,559,720,0.7763888888888889,0.7096527777777778,0.8333333333333334,999,0,559,714,0.7829131652661064,0.7128658963585435,0.8403361344537815,999,0,,,domestic_continuous,
distance_m+calendar_type,20,720,168,552,168,720,0.23333333333333334,0.18333333333333332,0.275,999,0,168,168,1.0,1.0,1.0,999,0,,,paddy_irrigation,
distance_m+calendar_type,20,720,360,360,346,720,0.48055555555555557,0.3333333333333333,0.6527777777777778,999,0,346,360,0.9611111111111111,0.9407356671740233,0.988251879699248,999,0,,,water_curtain,
distance_m+calendar_type,200,720,714,6,313,720,0.43472222222222223,0.39305555555555555,0.48201388888888885,999,0,313,714,0.438375350140056,0.3958333333333333,0.48588747645951036,999,0,,,domestic_continuous,
distance_m+calendar_type,200,720,168,552,125,720,0.1736111111111111,0.1361111111111111,0.20972222222222223,999,0,125,168,0.7440476190476191,0.6975308641975309,0.7917385057471263,999,0,,,paddy_irrigation,
distance_m+calendar_type,200,720,360,360,233,720,0.3236111111111111,0.22777777777777777,0.4375,999,0,233,360,0.6472222222222223,0.6278413955479452,0.6666666666666666,999,0,,,water_curtain,
distance_m+origin_month,20,180,108,72,91,180,0.5055555555555555,0.4166666666666667,0.5833333333333334,999,0,91,108,0.8425925925925926,0.7647058823529411,0.9074074074074074,999,0,,,,1
distance_m+origin_month,20,180,78,102,65,180,0.3611111111111111,0.2722222222222222,0.4666666666666667,999,0,65,78,0.8333333333333334,0.7832692307692307,0.8809523809523809,999,0,,,,10
distance_m+origin_month,20,180,108,72,96,180,0.5333333333333333,0.4444444444444444,0.605833333333333,999,0,96,108,0.8888888888888888,0.8421052631578947,0.9298245614035088,999,0,,,,11
distance_m+origin_month,20,180,102,78,89,180,0.49444444444444446,0.4,0.5724999999999997,999,0,89,102,0.8725490196078431,0.8333333333333334,0.9035087719298246,999,0,,,,12
distance_m+origin_month,20,180,102,78,86,180,0.4777777777777778,0.4,0.5555555555555556,999,0,86,102,0.8431372549019608,0.7870370370370371,0.8888888888888888,999,0,,,,2
distance_m+origin_month,20,180,108,72,92,180,0.5111111111111111,0.43333333333333335,0.5833333333333334,999,0,92,108,0.8518518518518519,0.786900871459695,0.9111111111111111,999,0,,,,3
distance_m+origin_month,20,180,78,102,64,180,0.35555555555555557,0.2722222222222222,0.45,999,0,64,78,0.8205128205128205,0.75,0.875,999,0,,,,4
distance_m+origin_month,20,180,126,54,108,180,0.6,0.4777777777777778,0.7222222222222222,999,0,108,126,0.8571428571428571,0.8194142512077295,0.8947368421052632,999,0,,,,5
distance_m+origin_month,20,180,126,54,113,180,0.6277777777777778,0.48333333333333334,0.7724999999999997,999,0,113,126,0.8968253968253969,0.8596491228070176,0.9298611111111111,999,0,,,,6
distance_m+origin_month,20,180,114,66,101,180,0.5611111111111111,0.4552777777777778,0.6611111111111111,999,0,101,114,0.8859649122807017,0.8420833333333333,0.9259259259259259,999,0,,,,7
distance_m+origin_month,20,180,114,66,101,180,0.5611111111111111,0.4552777777777778,0.6666666666666666,999,0,101,114,0.8859649122807017,0.8329166666666667,0.9224074074074073,999,0,,,,8
distance_m+origin_month,20,180,78,102,67,180,0.37222222222222223,0.29444444444444445,0.4666666666666667,999,0,67,78,0.8589743589743589,0.7857142857142857,0.9166666666666666,999,0,,,,9
distance_m+origin_month,200,180,108,72,56,180,0.3111111111111111,0.2611111111111111,0.3611111111111111,999,0,56,108,0.5185185185185185,0.4704963235294118,0.5588235294117647,999,0,,,,1
distance_m+origin_month,200,180,78,102,38,180,0.2111111111111111,0.16111111111111112,0.26666666666666666,999,0,38,78,0.48717948717948717,0.4583333333333333,0.5,999,0,,,,10
distance_m+origin_month,200,180,108,72,62,180,0.34444444444444444,0.2777777777777778,0.4,999,0,62,108,0.5740740740740741,0.5356829573934837,0.6111111111111112,999,0,,,,11
distance_m+origin_month,200,180,102,78,52,180,0.28888888888888886,0.21666666666666667,0.35,999,0,52,102,0.5098039215686274,0.4642857142857143,0.5490196078431373,999,0,,,,12
distance_m+origin_month,200,180,102,78,54,180,0.3,0.25,0.35,999,0,54,102,0.5294117647058824,0.4901654411764706,0.5686274509803921,999,0,,,,2
distance_m+origin_month,200,180,108,72,59,180,0.3277777777777778,0.2777777777777778,0.37222222222222223,999,0,59,108,0.5462962962962963,0.5098039215686274,0.5877450980392157,999,0,,,,3
distance_m+origin_month,200,180,78,102,37,180,0.20555555555555555,0.15555555555555556,0.2558333333333331,999,0,37,78,0.47435897435897434,0.42857142857142855,0.5277777777777778,999,0,,,,4
distance_m+origin_month,200,180,126,54,70,180,0.3888888888888889,0.28888888888888886,0.4888888888888889,999,0,70,126,0.5555555555555556,0.5,0.6060909090909091,999,0,,,,5
distance_m+origin_month,200,180,126,54,74,180,0.4111111111111111,0.3111111111111111,0.5111111111111111,999,0,74,126,0.5873015873015873,0.5416666666666666,0.6349927849927849,999,0,,,,6
distance_m+origin_month,200,180,114,66,64,180,0.35555555555555557,0.2777777777777778,0.42777777777777776,999,0,64,114,0.5614035087719298,0.5104166666666666,0.6052631578947368,999,0,,,,7
distance_m+origin_month,200,180,114,66,67,180,0.37222222222222223,0.2833333333333333,0.4666666666666667,999,0,67,114,0.5877192982456141,0.5175000000000001,0.6743022328548643,999,0,,,,8
distance_m+origin_month,200,180,78,102,38,180,0.2111111111111111,0.14972222222222223,0.2833333333333333,999,0,38,78,0.48717948717948717,0.40263888888888894,0.559577922077922,999,0,,,,9
distance_m+calendar_type+origin_month+layer_id,20,10,10,0,10,10,1.0,1.0,1.0,999,0,10,10,1.0,1.0,1.0,999,0,,confined_T50,domestic_continuous,1
distance_m+calendar_type+origin_month+layer_id,20,10,10,0,8,10,0.8,0.5,1.0,999,0,8,10,0.8,0.5,1.0,999,0,,confined_T500,domestic_continuous,1
distance_m+calendar_type+origin_month+layer_id,20,10,10,0,10,10,1.0,1.0,1.0,999,0,10,10,1.0,1.0,1.0,999,0,,leaky_T50,domestic_continuous,1
distance_m+calendar_type+origin_month+layer_id,20,10,10,0,8,10,0.8,0.5,1.0,999,0,8,10,0.8,0.5,1.0,999,0,,leaky_T500,domestic_continuous,1
distance_m+calendar_type+origin_month+layer_id,20,10,10,0,10,10,1.0,1.0,1.0,999,0,10,10,1.0,1.0,1.0,999,0,,unconfined_T50,domestic_continuous,1
distance_m+calendar_type+origin_month+layer_id,20,10,10,0,1,10,0.1,0.0,0.3,999,0,1,10,0.1,0.0,0.3,999,0,,unconfined_T500,domestic_continuous,1
distance_m+calendar_type+origin_month+layer_id,20,10,10,0,10,10,1.0,1.0,1.0,999,0,10,10,1.0,1.0,1.0,999,0,,confined_T50,domestic_continuous,10
distance_m+calendar_type+origin_month+layer_id,20,10,10,0,9,10,0.9,0.7,1.0,999,0,9,10,0.9,0.7,1.0,999,0,,confined_T500,domestic_continuous,10
distance_m+calendar_type+origin_month+layer_id,20,10,10,0,10,10,1.0,1.0,1.0,999,0,10,10,1.0,1.0,1.0,999,0,,leaky_T50,domestic_continuous,10
distance_m+calendar_type+origin_month+layer_id,20,10,10,0,8,10,0.8,0.5,1.0,999,0,8,10,0.8,0.5,1.0,999,0,,leaky_T500,domestic_continuous,10
distance_m+calendar_type+origin_month+layer_id,20,10,10,0,10,10,1.0,1.0,1.0,999,0,10,10,1.0,1.0,1.0,999,0,,unconfined_T50,domestic_continuous,10
distance_m+calendar_type+origin_month+layer_id,20,10,10,0,0,10,0.0,0.0,0.0,999,0,0,10,0.0,0.0,0.0,999,0,,unconfined_T500,domestic_continuous,10
distance_m+calendar_type+origin_month+layer_id,20,10,10,0,10,10,1.0,1.0,1.0,999,0,10,10,1.0,1.0,1.0,999,0,,confined_T50,domestic_continuous,11
distance_m+calendar_type+origin_month+layer_id,20,10,10,0,9,10,0.9,0.7,1.0,999,0,9,10,0.9,0.7,1.0,999,0,,confined_T500,domestic_continuous,11
distance_m+calendar_type+origin_month+layer_id,20,10,10,0,10,10,1.0,1.0,1.0,999,0,10,10,1.0,1.0,1.0,999,0,,leaky_T50,domestic_continuous,11
distance_m+calendar_type+origin_month+layer_id,20,10,10,0,8,10,0.8,0.5,1.0,999,0,8,10,0.8,0.5,1.0,999,0,,leaky_T500,domestic_continuous,11
distance_m+calendar_type+origin_month+layer_id,20,10,10,0,10,10,1.0,1.0,1.0,999,0,10,10,1.0,1.0,1.0,999,0,,unconfined_T50,domestic_continuous,11
distance_m+calendar_type+origin_month+layer_id,20,10,10,0,1,10,0.1,0.0,0.3,999,0,1,10,0.1,0.0,0.3,999,0,,unconfined_T500,domestic_continuous,11
distance_m+calendar_type+origin_month+layer_id,20,10,10,0,10,10,1.0,1.0,1.0,999,0,10,10,1.0,1.0,1.0,999,0,,confined_T50,domestic_continuous,12
distance_m+calendar_type+origin_month+layer_id,20,10,10,0,9,10,0.9,0.7,1.0,999,0,9,10,0.9,0.7,1.0,999,0,,confined_T500,domestic_continuous,12
distance_m+calendar_type+origin_month+layer_id,20,10,10,0,10,10,1.0,1.0,1.0,999,0,10,10,1.0,1.0,1.0,999,0,,leaky_T50,domestic_continuous,12
distance_m+calendar_type+origin_month+layer_id,20,10,10,0,9,10,0.9,0.7,1.0,999,0,9,10,0.9,0.7,1.0,999,0,,leaky_T500,domestic_continuous,12
distance_m+calendar_type+origin_month+layer_id,20,10,10,0,10,10,1.0,1.0,1.0,999,0,10,10,1.0,1.0,1.0,999,0,,unconfined_T50,domestic_continuous,12
distance_m+calendar_type+origin_month+layer_id,20,10,10,0,0,10,0.0,0.0,0.0,999,0,0,10,0.0,0.0,0.0,999,0,,unconfined_T500,domestic_continuous,12
distance_m+calendar_type+origin_month+layer_id,20,10,10,0,10,10,1.0,1.0,1.0,999,0,10,10,1.0,1.0,1.0,999,0,,confined_T50,domestic_continuous,2
distance_m+calendar_type+origin_month+layer_id,20,10,10,0,9,10,0.9,0.7,1.0,999,0,9,10,0.9,0.7,1.0,999,0,,confined_T500,domestic_continuous,2
distance_m+calendar_type+origin_month+layer_id,20,10,10,0,10,10,1.0,1.0,1.0,999,0,10,10,1.0,1.0,1.0,999,0,,leaky_T50,domestic_continuous,2
distance_m+calendar_type+origin_month+layer_id,20,10,10,0,7,10,0.7,0.4,1.0,999,0,7,10,0.7,0.4,1.0,999,0,,leaky_T500,domestic_continuous,2
distance_m+calendar_type+origin_month+layer_id,20,10,10,0,10,10,1.0,1.0,1.0,999,0,10,10,1.0,1.0,1.0,999,0,,unconfined_T50,domestic_continuous,2
distance_m+calendar_type+origin_month+layer_id,20,10,10,0,1,10,0.1,0.0,0.3,999,0,1,10,0.1,0.0,0.3,999,0,,unconfined_T500,domestic_continuous,2
distance_m+calendar_type+origin_month+layer_id,20,10,9,1,9,10,0.9,0.7,1.0,999,0,9,9,1.0,1.0,1.0,999,0,,confined_T50,domestic_continuous,3
distance_m+calendar_type+origin_month+layer_id,20,10,9,1,6,10,0.6,0.3,0.9,999,0,6,9,0.6666666666666666,0.3333333333333333,0.9,999,0,,confined_T500,domestic_continuous,3
distance_m+calendar_type+origin_month+layer_id,20,10,9,1,9,10,0.9,0.7,1.0,999,0,9,9,1.0,1.0,1.0,999,0,,leaky_T50,domestic_continuous,3
distance_m+calendar_type+origin_month+layer_id,20,10,9,1,6,10,0.6,0.3,0.9,999,0,6,9,0.6666666666666666,0.3333333333333333,0.9,999,0,,leaky_T500,domestic_continuous,3
distance_m+calendar_type+origin_month+layer_id,20,10,9,1,9,10,0.9,0.7,1.0,999,0,9,9,1.0,1.0,1.0,999,0,,unconfined_T50,domestic_continuous,3
distance_m+calendar_type+origin_month+layer_id,20,10,9,1,0,10,0.0,0.0,0.0,999,0,0,9,0.0,0.0,0.0,999,0,,unconfined_T500,domestic_continuous,3
distance_m+calendar_type+origin_month+layer_id,20,10,10,0,10,10,1.0,1.0,1.0,999,0,10,10,1.0,1.0,1.0,999,0,,confined_T50,domestic_continuous,4
distance_m+calendar_type+origin_month+layer_id,20,10,10,0,8,10,0.8,0.5,1.0,999,0,8,10,0.8,0.5,1.0,999,0,,confined_T500,domestic_continuous,4
distance_m+calendar_type+origin_month+layer_id,20,10,10,0,10,10,1.0,1.0,1.0,999,0,10,10,1.0,1.0,1.0,999,0,,leaky_T50,domestic_continuous,4
distance_m+calendar_type+origin_month+layer_id,20,10,10,0,8,10,0.8,0.5,1.0,999,0,8,10,0.8,0.5,1.0,999,0,,leaky_T500,domestic_continuous,4
distance_m+calendar_type+origin_month+layer_id,20,10,10,0,10,10,1.0,1.0,1.0,999,0,10,10,1.0,1.0,1.0,999,0,,unconfined_T50,domestic_continuous,4
distance_m+calendar_type+origin_month+layer_id,20,10,10,0,1,10,0.1,0.0,0.3,999,0,1,10,0.1,0.0,0.3,999,0,,unconfined_T500,domestic_continuous,4
distance_m+calendar_type+origin_month+layer_id,20,10,10,0,10,10,1.0,1.0,1.0,999,0,10,10,1.0,1.0,1.0,999,0,,confined_T50,domestic_continuous,5
distance_m+calendar_type+origin_month+layer_id,20,10,10,0,8,10,0.8,0.5,1.0,999,0,8,10,0.8,0.5,1.0,999,0,,confined_T500,domestic_continuous,5
distance_m+calendar_type+origin_month+layer_id,20,10,10,0,10,10,1.0,1.0,1.0,999,0,10,10,1.0,1.0,1.0,999,0,,leaky_T50,domestic_continuous,5
distance_m+calendar_type+origin_month+layer_id,20,10,10,0,6,10,0.6,0.3,0.9,999,0,6,10,0.6,0.3,0.9,999,0,,leaky_T500,domestic_continuous,5
distance_m+calendar_type+origin_month+layer_id,20,10,10,0,10,10,1.0,1.0,1.0,999,0,10,10,1.0,1.0,1.0,999,0,,unconfined_T50,domestic_continuous,5
distance_m+calendar_type+origin_month+layer_id,20,10,10,0,0,10,0.0,0.0,0.0,999,0,0,10,0.0,0.0,0.0,999,0,,unconfined_T500,domestic_continuous,5
distance_m+calendar_type+origin_month+layer_id,20,10,10,0,10,10,1.0,1.0,1.0,999,0,10,10,1.0,1.0,1.0,999,0,,confined_T50,domestic_continuous,6
distance_m+calendar_type+origin_month+layer_id,20,10,10,0,8,10,0.8,0.5,1.0,999,0,8,10,0.8,0.5,1.0,999,0,,confined_T500,domestic_continuous,6
distance_m+calendar_type+origin_month+layer_id,20,10,10,0,10,10,1.0,1.0,1.0,999,0,10,10,1.0,1.0,1.0,999,0,,leaky_T50,domestic_continuous,6
distance_m+calendar_type+origin_month+layer_id,20,10,10,0,8,10,0.8,0.5,1.0,999,0,8,10,0.8,0.5,1.0,999,0,,leaky_T500,domestic_continuous,6
distance_m+calendar_type+origin_month+layer_id,20,10,10,0,10,10,1.0,1.0,1.0,999,0,10,10,1.0,1.0,1.0,999,0,,unconfined_T50,domestic_continuous,6
distance_m+calendar_type+origin_month+layer_id,20,10,10,0,1,10,0.1,0.0,0.3,999,0,1,10,0.1,0.0,0.3,999,0,,unconfined_T500,domestic_continuous,6
distance_m+calendar_type+origin_month+layer_id,20,10,10,0,10,10,1.0,1.0,1.0,999,0,10,10,1.0,1.0,1.0,999,0,,confined_T50,domestic_continuous,7
distance_m+calendar_type+origin_month+layer_id,20,10,10,0,9,10,0.9,0.7,1.0,999,0,9,10,0.9,0.7,1.0,999,0,,confined_T500,domestic_continuous,7
distance_m+calendar_type+origin_month+layer_id,20,10,10,0,10,10,1.0,1.0,1.0,999,0,10,10,1.0,1.0,1.0,999,0,,leaky_T50,domestic_continuous,7
distance_m+calendar_type+origin_month+layer_id,20,10,10,0,7,10,0.7,0.4,1.0,999,0,7,10,0.7,0.4,1.0,999,0,,leaky_T500,domestic_continuous,7
distance_m+calendar_type+origin_month+layer_id,20,10,10,0,10,10,1.0,1.0,1.0,999,0,10,10,1.0,1.0,1.0,999,0,,unconfined_T50,domestic_continuous,7
distance_m+calendar_type+origin_month+layer_id,20,10,10,0,1,10,0.1,0.0,0.3,999,0,1,10,0.1,0.0,0.3,999,0,,unconfined_T500,domestic_continuous,7
distance_m+calendar_type+origin_month+layer_id,20,10,10,0,10,10,1.0,1.0,1.0,999,0,10,10,1.0,1.0,1.0,999,0,,confined_T50,domestic_continuous,8
distance_m+calendar_type+origin_month+layer_id,20,10,10,0,9,10,0.9,0.7,1.0,999,0,9,10,0.9,0.7,1.0,999,0,,confined_T500,domestic_continuous,8
distance_m+calendar_type+origin_month+layer_id,20,10,10,0,10,10,1.0,1.0,1.0,999,0,10,10,1.0,1.0,1.0,999,0,,leaky_T50,domestic_continuous,8
distance_m+calendar_type+origin_month+layer_id,20,10,10,0,8,10,0.8,0.5,1.0,999,0,8,10,0.8,0.5,1.0,999,0,,leaky_T500,domestic_continuous,8
distance_m+calendar_type+origin_month+layer_id,20,10,10,0,10,10,1.0,1.0,1.0,999,0,10,10,1.0,1.0,1.0,999,0,,unconfined_T50,domestic_continuous,8
distance_m+calendar_type+origin_month+layer_id,20,10,10,0,1,10,0.1,0.0,0.3,999,0,1,10,0.1,0.0,0.3,999,0,,unconfined_T500,domestic_continuous,8
distance_m+calendar_type+origin_month+layer_id,20,10,10,0,10,10,1.0,1.0,1.0,999,0,10,10,1.0,1.0,1.0,999,0,,confined_T50,domestic_continuous,9
distance_m+calendar_type+origin_month+layer_id,20,10,10,0,9,10,0.9,0.7,1.0,999,0,9,10,0.9,0.7,1.0,999,0,,confined_T500,domestic_continuous,9
distance_m+calendar_type+origin_month+layer_id,20,10,10,0,10,10,1.0,1.0,1.0,999,0,10,10,1.0,1.0,1.0,999,0,,leaky_T50,domestic_continuous,9
distance_m+calendar_type+origin_month+layer_id,20,10,10,0,9,10,0.9,0.7,1.0,999,0,9,10,0.9,0.7,1.0,999,0,,leaky_T500,domestic_continuous,9
distance_m+calendar_type+origin_month+layer_id,20,10,10,0,10,10,1.0,1.0,1.0,999,0,10,10,1.0,1.0,1.0,999,0,,unconfined_T50,domestic_continuous,9
distance_m+calendar_type+origin_month+layer_id,20,10,10,0,2,10,0.2,0.0,0.5,999,0,2,10,0.2,0.0,0.5,999,0,,unconfined_T500,domestic_continuous,9
distance_m+calendar_type+origin_month+layer_id,20,10,0,10,0,10,0.0,0.0,0.0,999,0,0,0,,,,0,999,,confined_T50,paddy_irrigation,1
distance_m+calendar_type+origin_month+layer_id,20,10,0,10,0,10,0.0,0.0,0.0,999,0,0,0,,,,0,999,,confined_T500,paddy_irrigation,1
distance_m+calendar_type+origin_month+layer_id,20,10,0,10,0,10,0.0,0.0,0.0,999,0,0,0,,,,0,999,,leaky_T50,paddy_irrigation,1
distance_m+calendar_type+origin_month+layer_id,20,10,0,10,0,10,0.0,0.0,0.0,999,0,0,0,,,,0,999,,leaky_T500,paddy_irrigation,1
distance_m+calendar_type+origin_month+layer_id,20,10,0,10,0,10,0.0,0.0,0.0,999,0,0,0,,,,0,999,,unconfined_T50,paddy_irrigation,1
distance_m+calendar_type+origin_month+layer_id,20,10,0,10,0,10,0.0,0.0,0.0,999,0,0,0,,,,0,999,,unconfined_T500,paddy_irrigation,1
distance_m+calendar_type+origin_month+layer_id,20,10,0,10,0,10,0.0,0.0,0.0,999,0,0,0,,,,0,999,,confined_T50,paddy_irrigation,10
distance_m+calendar_type+origin_month+layer_id,20,10,0,10,0,10,0.0,0.0,0.0,999,0,0,0,,,,0,999,,confined_T500,paddy_irrigation,10
distance_m+calendar_type+origin_month+layer_id,20,10,0,10,0,10,0.0,0.0,0.0,999,0,0,0,,,,0,999,,leaky_T50,paddy_irrigation,10
distance_m+calendar_type+origin_month+layer_id,20,10,0,10,0,10,0.0,0.0,0.0,999,0,0,0,,,,0,999,,leaky_T500,paddy_irrigation,10
distance_m+calendar_type+origin_month+layer_id,20,10,0,10,0,10,0.0,0.0,0.0,999,0,0,0,,,,0,999,,unconfined_T50,paddy_irrigation,10
distance_m+calendar_type+origin_month+layer_id,20,10,0,10,0,10,0.0,0.0,0.0,999,0,0,0,,,,0,999,,unconfined_T500,paddy_irrigation,10
distance_m+calendar_type+origin_month+layer_id,20,10,0,10,0,10,0.0,0.0,0.0,999,0,0,0,,,,0,999,,confined_T50,paddy_irrigation,11
distance_m+calendar_type+origin_month+layer_id,20,10,0,10,0,10,0.0,0.0,0.0,999,0,0,0,,,,0,999,,confined_T500,paddy_irrigation,11
distance_m+calendar_type+origin_month+layer_id,20,10,0,10,0,10,0.0,0.0,0.0,999,0,0,0,,,,0,999,,leaky_T50,paddy_irrigation,11
distance_m+calendar_type+origin_month+layer_id,20,10,0,10,0,10,0.0,0.0,0.0,999,0,0,0,,,,0,999,,leaky_T500,paddy_irrigation,11
distance_m+calendar_type+origin_month+layer_id,20,10,0,10,0,10,0.0,0.0,0.0,999,0,0,0,,,,0,999,,unconfined_T50,paddy_irrigation,11
distance_m+calendar_type+origin_month+layer_id,20,10,0,10,0,10,0.0,0.0,0.0,999,0,0,0,,,,0,999,,unconfined_T500,paddy_irrigation,11
distance_m+calendar_type+origin_month+layer_id,20,10,0,10,0,10,0.0,0.0,0.0,999,0,0,0,,,,0,999,,confined_T50,paddy_irrigation,12
distance_m+calendar_type+origin_month+layer_id,20,10,0,10,0,10,0.0,0.0,0.0,999,0,0,0,,,,0,999,,confined_T500,paddy_irrigation,12
distance_m+calendar_type+origin_month+layer_id,20,10,0,10,0,10,0.0,0.0,0.0,999,0,0,0,,,,0,999,,leaky_T50,paddy_irrigation,12
distance_m+calendar_type+origin_month+layer_id,20,10,0,10,0,10,0.0,0.0,0.0,999,0,0,0,,,,0,999,,leaky_T500,paddy_irrigation,12
distance_m+calendar_type+origin_month+layer_id,20,10,0,10,0,10,0.0,0.0,0.0,999,0,0,0,,,,0,999,,unconfined_T50,paddy_irrigation,12
distance_m+calendar_type+origin_month+layer_id,20,10,0,10,0,10,0.0,0.0,0.0,999,0,0,0,,,,0,999,,unconfined_T500,paddy_irrigation,12
distance_m+calendar_type+origin_month+layer_id,20,10,0,10,0,10,0.0,0.0,0.0,999,0,0,0,,,,0,999,,confined_T50,paddy_irrigation,2
distance_m+calendar_type+origin_month+layer_id,20,10,0,10,0,10,0.0,0.0,0.0,999,0,0,0,,,,0,999,,confined_T500,paddy_irrigation,2
distance_m+calendar_type+origin_month+layer_id,20,10,0,10,0,10,0.0,0.0,0.0,999,0,0,0,,,,0,999,,leaky_T50,paddy_irrigation,2
distance_m+calendar_type+origin_month+layer_id,20,10,0,10,0,10,0.0,0.0,0.0,999,0,0,0,,,,0,999,,leaky_T500,paddy_irrigation,2
distance_m+calendar_type+origin_month+layer_id,20,10,0,10,0,10,0.0,0.0,0.0,999,0,0,0,,,,0,999,,unconfined_T50,paddy_irrigation,2
distance_m+calendar_type+origin_month+layer_id,20,10,0,10,0,10,0.0,0.0,0.0,999,0,0,0,,,,0,999,,unconfined_T500,paddy_irrigation,2
distance_m+calendar_type+origin_month+layer_id,20,10,0,10,0,10,0.0,0.0,0.0,999,0,0,0,,,,0,999,,confined_T50,paddy_irrigation,3
distance_m+calendar_type+origin_month+layer_id,20,10,0,10,0,10,0.0,0.0,0.0,999,0,0,0,,,,0,999,,confined_T500,paddy_irrigation,3
distance_m+calendar_type+origin_month+layer_id,20,10,0,10,0,10,0.0,0.0,0.0,999,0,0,0,,,,0,999,,leaky_T50,paddy_irrigation,3
distance_m+calendar_type+origin_month+layer_id,20,10,0,10,0,10,0.0,0.0,0.0,999,0,0,0,,,,0,999,,leaky_T500,paddy_irrigation,3
distance_m+calendar_type+origin_month+layer_id,20,10,0,10,0,10,0.0,0.0,0.0,999,0,0,0,,,,0,999,,unconfined_T50,paddy_irrigation,3
distance_m+calendar_type+origin_month+layer_id,20,10,0,10,0,10,0.0,0.0,0.0,999,0,0,0,,,,0,999,,unconfined_T500,paddy_irrigation,3
distance_m+calendar_type+origin_month+layer_id,20,10,0,10,0,10,0.0,0.0,0.0,999,0,0,0,,,,0,999,,confined_T50,paddy_irrigation,4
distance_m+calendar_type+origin_month+layer_id,20,10,0,10,0,10,0.0,0.0,0.0,999,0,0,0,,,,0,999,,confined_T500,paddy_irrigation,4
distance_m+calendar_type+origin_month+layer_id,20,10,0,10,0,10,0.0,0.0,0.0,999,0,0,0,,,,0,999,,leaky_T50,paddy_irrigation,4
distance_m+calendar_type+origin_month+layer_id,20,10,0,10,0,10,0.0,0.0,0.0,999,0,0,0,,,,0,999,,leaky_T500,paddy_irrigation,4
distance_m+calendar_type+origin_month+layer_id,20,10,0,10,0,10,0.0,0.0,0.0,999,0,0,0,,,,0,999,,unconfined_T50,paddy_irrigation,4
distance_m+calendar_type+origin_month+layer_id,20,10,0,10,0,10,0.0,0.0,0.0,999,0,0,0,,,,0,999,,unconfined_T500,paddy_irrigation,4
distance_m+calendar_type+origin_month+layer_id,20,10,8,2,8,10,0.8,0.5,1.0,999,0,8,8,1.0,1.0,1.0,999,0,,confined_T50,paddy_irrigation,5
distance_m+calendar_type+origin_month+layer_id,20,10,8,2,8,10,0.8,0.5,1.0,999,0,8,8,1.0,1.0,1.0,999,0,,confined_T500,paddy_irrigation,5
distance_m+calendar_type+origin_month+layer_id,20,10,8,2,8,10,0.8,0.5,1.0,999,0,8,8,1.0,1.0,1.0,999,0,,leaky_T50,paddy_irrigation,5
distance_m+calendar_type+origin_month+layer_id,20,10,8,2,8,10,0.8,0.5,1.0,999,0,8,8,1.0,1.0,1.0,999,0,,leaky_T500,paddy_irrigation,5
distance_m+calendar_type+origin_month+layer_id,20,10,8,2,8,10,0.8,0.5,1.0,999,0,8,8,1.0,1.0,1.0,999,0,,unconfined_T50,paddy_irrigation,5
distance_m+calendar_type+origin_month+layer_id,20,10,8,2,8,10,0.8,0.5,1.0,999,0,8,8,1.0,1.0,1.0,999,0,,unconfined_T500,paddy_irrigation,5
distance_m+calendar_type+origin_month+layer_id,20,10,8,2,8,10,0.8,0.5,1.0,999,0,8,8,1.0,1.0,1.0,999,0,,confined_T50,paddy_irrigation,6
distance_m+calendar_type+origin_month+layer_id,20,10,8,2,8,10,0.8,0.5,1.0,999,0,8,8,1.0,1.0,1.0,999,0,,confined_T500,paddy_irrigation,6
distance_m+calendar_type+origin_month+layer_id,20,10,8,2,8,10,0.8,0.5,1.0,999,0,8,8,1.0,1.0,1.0,999,0,,leaky_T50,paddy_irrigation,6
distance_m+calendar_type+origin_month+layer_id,20,10,8,2,8,10,0.8,0.5,1.0,999,0,8,8,1.0,1.0,1.0,999,0,,leaky_T500,paddy_irrigation,6
distance_m+calendar_type+origin_month+layer_id,20,10,8,2,8,10,0.8,0.5,1.0,999,0,8,8,1.0,1.0,1.0,999,0,,unconfined_T50,paddy_irrigation,6
distance_m+calendar_type+origin_month+layer_id,20,10,8,2,8,10,0.8,0.5,1.0,999,0,8,8,1.0,1.0,1.0,999,0,,unconfined_T500,paddy_irrigation,6
distance_m+calendar_type+origin_month+layer_id,20,10,6,4,6,10,0.6,0.3,0.9,999,0,6,6,1.0,1.0,1.0,999,0,,confined_T50,paddy_irrigation,7
distance_m+calendar_type+origin_month+layer_id,20,10,6,4,6,10,0.6,0.3,0.9,999,0,6,6,1.0,1.0,1.0,999,0,,confined_T500,paddy_irrigation,7
distance_m+calendar_type+origin_month+layer_id,20,10,6,4,6,10,0.6,0.3,0.9,999,0,6,6,1.0,1.0,1.0,999,0,,leaky_T50,paddy_irrigation,7
distance_m+calendar_type+origin_month+layer_id,20,10,6,4,6,10,0.6,0.3,0.9,999,0,6,6,1.0,1.0,1.0,999,0,,leaky_T500,paddy_irrigation,7
distance_m+calendar_type+origin_month+layer_id,20,10,6,4,6,10,0.6,0.3,0.9,999,0,6,6,1.0,1.0,1.0,999,0,,unconfined_T50,paddy_irrigation,7
distance_m+calendar_type+origin_month+layer_id,20,10,6,4,6,10,0.6,0.3,0.9,999,0,6,6,1.0,1.0,1.0,999,0,,unconfined_T500,paddy_irrigation,7
distance_m+calendar_type+origin_month+layer_id,20,10,6,4,6,10,0.6,0.3,0.9,999,0,6,6,1.0,1.0,1.0,999,0,,confined_T50,paddy_irrigation,8
distance_m+calendar_type+origin_month+layer_id,20,10,6,4,6,10,0.6,0.3,0.9,999,0,6,6,1.0,1.0,1.0,999,0,,confined_T500,paddy_irrigation,8
distance_m+calendar_type+origin_month+layer_id,20,10,6,4,6,10,0.6,0.3,0.9,999,0,6,6,1.0,1.0,1.0,999,0,,leaky_T50,paddy_irrigation,8
distance_m+calendar_type+origin_month+layer_id,20,10,6,4,6,10,0.6,0.3,0.9,999,0,6,6,1.0,1.0,1.0,999,0,,leaky_T500,paddy_irrigation,8
distance_m+calendar_type+origin_month+layer_id,20,10,6,4,6,10,0.6,0.3,0.9,999,0,6,6,1.0,1.0,1.0,999,0,,unconfined_T50,paddy_irrigation,8
distance_m+calendar_type+origin_month+layer_id,20,10,6,4,6,10,0.6,0.3,0.9,999,0,6,6,1.0,1.0,1.0,999,0,,unconfined_T500,paddy_irrigation,8
distance_m+calendar_type+origin_month+layer_id,20,10,0,10,0,10,0.0,0.0,0.0,999,0,0,0,,,,0,999,,confined_T50,paddy_irrigation,9
distance_m+calendar_type+origin_month+layer_id,20,10,0,10,0,10,0.0,0.0,0.0,999,0,0,0,,,,0,999,,confined_T500,paddy_irrigation,9
distance_m+calendar_type+origin_month+layer_id,20,10,0,10,0,10,0.0,0.0,0.0,999,0,0,0,,,,0,999,,leaky_T50,paddy_irrigation,9
distance_m+calendar_type+origin_month+layer_id,20,10,0,10,0,10,0.0,0.0,0.0,999,0,0,0,,,,0,999,,leaky_T500,paddy_irrigation,9
distance_m+calendar_type+origin_month+layer_id,20,10,0,10,0,10,0.0,0.0,0.0,999,0,0,0,,,,0,999,,unconfined_T50,paddy_irrigation,9
distance_m+calendar_type+origin_month+layer_id,20,10,0,10,0,10,0.0,0.0,0.0,999,0,0,0,,,,0,999,,unconfined_T500,paddy_irrigation,9
distance_m+calendar_type+origin_month+layer_id,20,10,8,2,8,10,0.8,0.6,1.0,999,0,8,8,1.0,1.0,1.0,999,0,,confined_T50,water_curtain,1
distance_m+calendar_type+origin_month+layer_id,20,10,8,2,8,10,0.8,0.6,1.0,999,0,8,8,1.0,1.0,1.0,999,0,,confined_T500,water_curtain,1
distance_m+calendar_type+origin_month+layer_id,20,10,8,2,8,10,0.8,0.6,1.0,999,0,8,8,1.0,1.0,1.0,999,0,,leaky_T50,water_curtain,1
distance_m+calendar_type+origin_month+layer_id,20,10,8,2,8,10,0.8,0.6,1.0,999,0,8,8,1.0,1.0,1.0,999,0,,leaky_T500,water_curtain,1
distance_m+calendar_type+origin_month+layer_id,20,10,8,2,8,10,0.8,0.6,1.0,999,0,8,8,1.0,1.0,1.0,999,0,,unconfined_T50,water_curtain,1
distance_m+calendar_type+origin_month+layer_id,20,10,8,2,4,10,0.4,0.1,0.7,999,0,4,8,0.5,0.125,0.8571428571428571,999,0,,unconfined_T500,water_curtain,1
distance_m+calendar_type+origin_month+layer_id,20,10,3,7,3,10,0.3,0.0,0.6,999,0,3,3,1.0,1.0,1.0,969,30,,confined_T50,water_curtain,10
distance_m+calendar_type+origin_month+layer_id,20,10,3,7,3,10,0.3,0.0,0.6,999,0,3,3,1.0,1.0,1.0,969,30,,confined_T500,water_curtain,10
distance_m+calendar_type+origin_month+layer_id,20,10,3,7,3,10,0.3,0.0,0.6,999,0,3,3,1.0,1.0,1.0,969,30,,leaky_T50,water_curtain,10
distance_m+calendar_type+origin_month+layer_id,20,10,3,7,3,10,0.3,0.0,0.6,999,0,3,3,1.0,1.0,1.0,969,30,,leaky_T500,water_curtain,10
distance_m+calendar_type+origin_month+layer_id,20,10,3,7,3,10,0.3,0.0,0.6,999,0,3,3,1.0,1.0,1.0,969,30,,unconfined_T50,water_curtain,10
distance_m+calendar_type+origin_month+layer_id,20,10,3,7,3,10,0.3,0.0,0.6,999,0,3,3,1.0,1.0,1.0,969,30,,unconfined_T500,water_curtain,10
distance_m+calendar_type+origin_month+layer_id,20,10,8,2,8,10,0.8,0.5,1.0,999,0,8,8,1.0,1.0,1.0,999,0,,confined_T50,water_curtain,11
distance_m+calendar_type+origin_month+layer_id,20,10,8,2,8,10,0.8,0.5,1.0,999,0,8,8,1.0,1.0,1.0,999,0,,confined_T500,water_curtain,11
distance_m+calendar_type+origin_month+layer_id,20,10,8,2,8,10,0.8,0.5,1.0,999,0,8,8,1.0,1.0,1.0,999,0,,leaky_T50,water_curtain,11
distance_m+calendar_type+origin_month+layer_id,20,10,8,2,8,10,0.8,0.5,1.0,999,0,8,8,1.0,1.0,1.0,999,0,,leaky_T500,water_curtain,11
distance_m+calendar_type+origin_month+layer_id,20,10,8,2,8,10,0.8,0.5,1.0,999,0,8,8,1.0,1.0,1.0,999,0,,unconfined_T50,water_curtain,11
distance_m+calendar_type+origin_month+layer_id,20,10,8,2,8,10,0.8,0.5,1.0,999,0,8,8,1.0,1.0,1.0,999,0,,unconfined_T500,water_curtain,11
distance_m+calendar_type+origin_month+layer_id,20,10,7,3,7,10,0.7,0.4,1.0,999,0,7,7,1.0,1.0,1.0,999,0,,confined_T50,water_curtain,12
distance_m+calendar_type+origin_month+layer_id,20,10,7,3,7,10,0.7,0.4,1.0,999,0,7,7,1.0,1.0,1.0,999,0,,confined_T500,water_curtain,12
distance_m+calendar_type+origin_month+layer_id,20,10,7,3,7,10,0.7,0.4,1.0,999,0,7,7,1.0,1.0,1.0,999,0,,leaky_T50,water_curtain,12
distance_m+calendar_type+origin_month+layer_id,20,10,7,3,7,10,0.7,0.4,1.0,999,0,7,7,1.0,1.0,1.0,999,0,,leaky_T500,water_curtain,12
distance_m+calendar_type+origin_month+layer_id,20,10,7,3,7,10,0.7,0.4,1.0,999,0,7,7,1.0,1.0,1.0,999,0,,unconfined_T50,water_curtain,12
distance_m+calendar_type+origin_month+layer_id,20,10,7,3,6,10,0.6,0.3,0.9,999,0,6,7,0.8571428571428571,0.5,1.0,999,0,,unconfined_T500,water_curtain,12
distance_m+calendar_type+origin_month+layer_id,20,10,7,3,7,10,0.7,0.4,1.0,999,0,7,7,1.0,1.0,1.0,999,0,,confined_T50,water_curtain,2
distance_m+calendar_type+origin_month+layer_id,20,10,7,3,7,10,0.7,0.4,1.0,999,0,7,7,1.0,1.0,1.0,999,0,,confined_T500,water_curtain,2
distance_m+calendar_type+origin_month+layer_id,20,10,7,3,7,10,0.7,0.4,1.0,999,0,7,7,1.0,1.0,1.0,999,0,,leaky_T50,water_curtain,2
distance_m+calendar_type+origin_month+layer_id,20,10,7,3,7,10,0.7,0.4,1.0,999,0,7,7,1.0,1.0,1.0,999,0,,leaky_T500,water_curtain,2
distance_m+calendar_type+origin_month+layer_id,20,10,7,3,7,10,0.7,0.4,1.0,999,0,7,7,1.0,1.0,1.0,999,0,,unconfined_T50,water_curtain,2
distance_m+calendar_type+origin_month+layer_id,20,10,7,3,4,10,0.4,0.1,0.7,999,0,4,7,0.5714285714285714,0.22111111111111117,1.0,999,0,,unconfined_T500,water_curtain,2
distance_m+calendar_type+origin_month+layer_id,20,10,9,1,9,10,0.9,0.7,1.0,999,0,9,9,1.0,1.0,1.0,999,0,,confined_T50,water_curtain,3
distance_m+calendar_type+origin_month+layer_id,20,10,9,1,9,10,0.9,0.7,1.0,999,0,9,9,1.0,1.0,1.0,999,0,,confined_T500,water_curtain,3
distance_m+calendar_type+origin_month+layer_id,20,10,9,1,9,10,0.9,0.7,1.0,999,0,9,9,1.0,1.0,1.0,999,0,,leaky_T50,water_curtain,3
distance_m+calendar_type+origin_month+layer_id,20,10,9,1,9,10,0.9,0.7,1.0,999,0,9,9,1.0,1.0,1.0,999,0,,leaky_T500,water_curtain,3
distance_m+calendar_type+origin_month+layer_id,20,10,9,1,9,10,0.9,0.7,1.0,999,0,9,9,1.0,1.0,1.0,999,0,,unconfined_T50,water_curtain,3
distance_m+calendar_type+origin_month+layer_id,20,10,9,1,8,10,0.8,0.5,1.0,999,0,8,9,0.8888888888888888,0.625,1.0,999,0,,unconfined_T500,water_curtain,3
distance_m+calendar_type+origin_month+layer_id,20,10,3,7,3,10,0.3,0.0,0.6,999,0,3,3,1.0,1.0,1.0,969,30,,confined_T50,water_curtain,4
distance_m+calendar_type+origin_month+layer_id,20,10,3,7,3,10,0.3,0.0,0.6,999,0,3,3,1.0,1.0,1.0,969,30,,confined_T500,water_curtain,4
distance_m+calendar_type+origin_month+layer_id,20,10,3,7,3,10,0.3,0.0,0.6,999,0,3,3,1.0,1.0,1.0,969,30,,leaky_T50,water_curtain,4
distance_m+calendar_type+origin_month+layer_id,20,10,3,7,3,10,0.3,0.0,0.6,999,0,3,3,1.0,1.0,1.0,969,30,,leaky_T500,water_curtain,4
distance_m+calendar_type+origin_month+layer_id,20,10,3,7,3,10,0.3,0.0,0.6,999,0,3,3,1.0,1.0,1.0,969,30,,unconfined_T50,water_curtain,4
distance_m+calendar_type+origin_month+layer_id,20,10,3,7,2,10,0.2,0.0,0.5,999,0,2,3,0.6666666666666666,0.0,1.0,969,30,,unconfined_T500,water_curtain,4
distance_m+calendar_type+origin_month+layer_id,20,10,3,7,3,10,0.3,0.0,0.6,999,0,3,3,1.0,1.0,1.0,969,30,,confined_T50,water_curtain,5
distance_m+calendar_type+origin_month+layer_id,20,10,3,7,3,10,0.3,0.0,0.6,999,0,3,3,1.0,1.0,1.0,969,30,,confined_T500,water_curtain,5
distance_m+calendar_type+origin_month+layer_id,20,10,3,7,3,10,0.3,0.0,0.6,999,0,3,3,1.0,1.0,1.0,969,30,,leaky_T50,water_curtain,5
distance_m+calendar_type+origin_month+layer_id,20,10,3,7,3,10,0.3,0.0,0.6,999,0,3,3,1.0,1.0,1.0,969,30,,leaky_T500,water_curtain,5
distance_m+calendar_type+origin_month+layer_id,20,10,3,7,3,10,0.3,0.0,0.6,999,0,3,3,1.0,1.0,1.0,969,30,,unconfined_T50,water_curtain,5
distance_m+calendar_type+origin_month+layer_id,20,10,3,7,1,10,0.1,0.0,0.3,999,0,1,3,0.3333333333333333,0.0,1.0,969,30,,unconfined_T500,water_curtain,5
distance_m+calendar_type+origin_month+layer_id,20,10,3,7,3,10,0.3,0.0,0.6,999,0,3,3,1.0,1.0,1.0,969,30,,confined_T50,water_curtain,6
distance_m+calendar_type+origin_month+layer_id,20,10,3,7,3,10,0.3,0.0,0.6,999,0,3,3,1.0,1.0,1.0,969,30,,confined_T500,water_curtain,6
distance_m+calendar_type+origin_month+layer_id,20,10,3,7,3,10,0.3,0.0,0.6,999,0,3,3,1.0,1.0,1.0,969,30,,leaky_T50,water_curtain,6
distance_m+calendar_type+origin_month+layer_id,20,10,3,7,3,10,0.3,0.0,0.6,999,0,3,3,1.0,1.0,1.0,969,30,,leaky_T500,water_curtain,6
distance_m+calendar_type+origin_month+layer_id,20,10,3,7,3,10,0.3,0.0,0.6,999,0,3,3,1.0,1.0,1.0,969,30,,unconfined_T50,water_curtain,6
distance_m+calendar_type+origin_month+layer_id,20,10,3,7,3,10,0.3,0.0,0.6,999,0,3,3,1.0,1.0,1.0,969,30,,unconfined_T500,water_curtain,6
distance_m+calendar_type+origin_month+layer_id,20,10,3,7,3,10,0.3,0.0,0.6,999,0,3,3,1.0,1.0,1.0,969,30,,confined_T50,water_curtain,7
distance_m+calendar_type+origin_month+layer_id,20,10,3,7,3,10,0.3,0.0,0.6,999,0,3,3,1.0,1.0,1.0,969,30,,confined_T500,water_curtain,7
distance_m+calendar_type+origin_month+layer_id,20,10,3,7,3,10,0.3,0.0,0.6,999,0,3,3,1.0,1.0,1.0,969,30,,leaky_T50,water_curtain,7
distance_m+calendar_type+origin_month+layer_id,20,10,3,7,3,10,0.3,0.0,0.6,999,0,3,3,1.0,1.0,1.0,969,30,,leaky_T500,water_curtain,7
distance_m+calendar_type+origin_month+layer_id,20,10,3,7,3,10,0.3,0.0,0.6,999,0,3,3,1.0,1.0,1.0,969,30,,unconfined_T50,water_curtain,7
distance_m+calendar_type+origin_month+layer_id,20,10,3,7,3,10,0.3,0.0,0.6,999,0,3,3,1.0,1.0,1.0,969,30,,unconfined_T500,water_curtain,7
distance_m+calendar_type+origin_month+layer_id,20,10,3,7,3,10,0.3,0.0,0.6,999,0,3,3,1.0,1.0,1.0,969,30,,confined_T50,water_curtain,8
distance_m+calendar_type+origin_month+layer_id,20,10,3,7,3,10,0.3,0.0,0.6,999,0,3,3,1.0,1.0,1.0,969,30,,confined_T500,water_curtain,8
distance_m+calendar_type+origin_month+layer_id,20,10,3,7,3,10,0.3,0.0,0.6,999,0,3,3,1.0,1.0,1.0,969,30,,leaky_T50,water_curtain,8
distance_m+calendar_type+origin_month+layer_id,20,10,3,7,3,10,0.3,0.0,0.6,999,0,3,3,1.0,1.0,1.0,969,30,,leaky_T500,water_curtain,8
distance_m+calendar_type+origin_month+layer_id,20,10,3,7,3,10,0.3,0.0,0.6,999,0,3,3,1.0,1.0,1.0,969,30,,unconfined_T50,water_curtain,8
distance_m+calendar_type+origin_month+layer_id,20,10,3,7,2,10,0.2,0.0,0.5,999,0,2,3,0.6666666666666666,0.0,1.0,969,30,,unconfined_T500,water_curtain,8
distance_m+calendar_type+origin_month+layer_id,20,10,3,7,3,10,0.3,0.0,0.6,999,0,3,3,1.0,1.0,1.0,969,30,,confined_T50,water_curtain,9
distance_m+calendar_type+origin_month+layer_id,20,10,3,7,3,10,0.3,0.0,0.6,999,0,3,3,1.0,1.0,1.0,969,30,,confined_T500,water_curtain,9
distance_m+calendar_type+origin_month+layer_id,20,10,3,7,3,10,0.3,0.0,0.6,999,0,3,3,1.0,1.0,1.0,969,30,,leaky_T50,water_curtain,9
distance_m+calendar_type+origin_month+layer_id,20,10,3,7,3,10,0.3,0.0,0.6,999,0,3,3,1.0,1.0,1.0,969,30,,leaky_T500,water_curtain,9
distance_m+calendar_type+origin_month+layer_id,20,10,3,7,3,10,0.3,0.0,0.6,999,0,3,3,1.0,1.0,1.0,969,30,,unconfined_T50,water_curtain,9
distance_m+calendar_type+origin_month+layer_id,20,10,3,7,2,10,0.2,0.0,0.5,999,0,2,3,0.6666666666666666,0.0,1.0,969,30,,unconfined_T500,water_curtain,9
distance_m+calendar_type+origin_month+layer_id,200,10,10,0,10,10,1.0,1.0,1.0,999,0,10,10,1.0,1.0,1.0,999,0,,confined_T50,domestic_continuous,1
distance_m+calendar_type+origin_month+layer_id,200,10,10,0,6,10,0.6,0.3,0.9,999,0,6,10,0.6,0.3,0.9,999,0,,confined_T500,domestic_continuous,1
distance_m+calendar_type+origin_month+layer_id,200,10,10,0,10,10,1.0,1.0,1.0,999,0,10,10,1.0,1.0,1.0,999,0,,leaky_T50,domestic_continuous,1
distance_m+calendar_type+origin_month+layer_id,200,10,10,0,0,10,0.0,0.0,0.0,999,0,0,10,0.0,0.0,0.0,999,0,,leaky_T500,domestic_continuous,1
distance_m+calendar_type+origin_month+layer_id,200,10,10,0,0,10,0.0,0.0,0.0,999,0,0,10,0.0,0.0,0.0,999,0,,unconfined_T50,domestic_continuous,1
distance_m+calendar_type+origin_month+layer_id,200,10,10,0,0,10,0.0,0.0,0.0,999,0,0,10,0.0,0.0,0.0,999,0,,unconfined_T500,domestic_continuous,1
distance_m+calendar_type+origin_month+layer_id,200,10,10,0,10,10,1.0,1.0,1.0,999,0,10,10,1.0,1.0,1.0,999,0,,confined_T50,domestic_continuous,10
distance_m+calendar_type+origin_month+layer_id,200,10,10,0,6,10,0.6,0.3,0.9,999,0,6,10,0.6,0.3,0.9,999,0,,confined_T500,domestic_continuous,10
distance_m+calendar_type+origin_month+layer_id,200,10,10,0,10,10,1.0,1.0,1.0,999,0,10,10,1.0,1.0,1.0,999,0,,leaky_T50,domestic_continuous,10
distance_m+calendar_type+origin_month+layer_id,200,10,10,0,0,10,0.0,0.0,0.0,999,0,0,10,0.0,0.0,0.0,999,0,,leaky_T500,domestic_continuous,10
distance_m+calendar_type+origin_month+layer_id,200,10,10,0,0,10,0.0,0.0,0.0,999,0,0,10,0.0,0.0,0.0,999,0,,unconfined_T50,domestic_continuous,10
distance_m+calendar_type+origin_month+layer_id,200,10,10,0,0,10,0.0,0.0,0.0,999,0,0,10,0.0,0.0,0.0,999,0,,unconfined_T500,domestic_continuous,10
distance_m+calendar_type+origin_month+layer_id,200,10,10,0,10,10,1.0,1.0,1.0,999,0,10,10,1.0,1.0,1.0,999,0,,confined_T50,domestic_continuous,11
distance_m+calendar_type+origin_month+layer_id,200,10,10,0,8,10,0.8,0.5,1.0,999,0,8,10,0.8,0.5,1.0,999,0,,confined_T500,domestic_continuous,11
distance_m+calendar_type+origin_month+layer_id,200,10,10,0,10,10,1.0,1.0,1.0,999,0,10,10,1.0,1.0,1.0,999,0,,leaky_T50,domestic_continuous,11
distance_m+calendar_type+origin_month+layer_id,200,10,10,0,2,10,0.2,0.0,0.5,999,0,2,10,0.2,0.0,0.5,999,0,,leaky_T500,domestic_continuous,11
distance_m+calendar_type+origin_month+layer_id,200,10,10,0,0,10,0.0,0.0,0.0,999,0,0,10,0.0,0.0,0.0,999,0,,unconfined_T50,domestic_continuous,11
distance_m+calendar_type+origin_month+layer_id,200,10,10,0,0,10,0.0,0.0,0.0,999,0,0,10,0.0,0.0,0.0,999,0,,unconfined_T500,domestic_continuous,11
distance_m+calendar_type+origin_month+layer_id,200,10,10,0,10,10,1.0,1.0,1.0,999,0,10,10,1.0,1.0,1.0,999,0,,confined_T50,domestic_continuous,12
distance_m+calendar_type+origin_month+layer_id,200,10,10,0,4,10,0.4,0.1,0.7,999,0,4,10,0.4,0.1,0.7,999,0,,confined_T500,domestic_continuous,12
distance_m+calendar_type+origin_month+layer_id,200,10,10,0,10,10,1.0,1.0,1.0,999,0,10,10,1.0,1.0,1.0,999,0,,leaky_T50,domestic_continuous,12
distance_m+calendar_type+origin_month+layer_id,200,10,10,0,0,10,0.0,0.0,0.0,999,0,0,10,0.0,0.0,0.0,999,0,,leaky_T500,domestic_continuous,12
distance_m+calendar_type+origin_month+layer_id,200,10,10,0,0,10,0.0,0.0,0.0,999,0,0,10,0.0,0.0,0.0,999,0,,unconfined_T50,domestic_continuous,12
distance_m+calendar_type+origin_month+layer_id,200,10,10,0,0,10,0.0,0.0,0.0,999,0,0,10,0.0,0.0,0.0,999,0,,unconfined_T500,domestic_continuous,12
distance_m+calendar_type+origin_month+layer_id,200,10,10,0,10,10,1.0,1.0,1.0,999,0,10,10,1.0,1.0,1.0,999,0,,confined_T50,domestic_continuous,2
distance_m+calendar_type+origin_month+layer_id,200,10,10,0,6,10,0.6,0.3,0.9,999,0,6,10,0.6,0.3,0.9,999,0,,confined_T500,domestic_continuous,2
distance_m+calendar_type+origin_month+layer_id,200,10,10,0,10,10,1.0,1.0,1.0,999,0,10,10,1.0,1.0,1.0,999,0,,leaky_T50,domestic_continuous,2
distance_m+calendar_type+origin_month+layer_id,200,10,10,0,1,10,0.1,0.0,0.3,999,0,1,10,0.1,0.0,0.3,999,0,,leaky_T500,domestic_continuous,2
distance_m+calendar_type+origin_month+layer_id,200,10,10,0,0,10,0.0,0.0,0.0,999,0,0,10,0.0,0.0,0.0,999,0,,unconfined_T50,domestic_continuous,2
distance_m+calendar_type+origin_month+layer_id,200,10,10,0,0,10,0.0,0.0,0.0,999,0,0,10,0.0,0.0,0.0,999,0,,unconfined_T500,domestic_continuous,2
distance_m+calendar_type+origin_month+layer_id,200,10,9,1,9,10,0.9,0.7,1.0,999,0,9,9,1.0,1.0,1.0,999,0,,confined_T50,domestic_continuous,3
distance_m+calendar_type+origin_month+layer_id,200,10,9,1,4,10,0.4,0.1,0.7,999,0,4,9,0.4444444444444444,0.125,0.7777777777777778,999,0,,confined_T500,domestic_continuous,3
distance_m+calendar_type+origin_month+layer_id,200,10,9,1,9,10,0.9,0.7,1.0,999,0,9,9,1.0,1.0,1.0,999,0,,leaky_T50,domestic_continuous,3
distance_m+calendar_type+origin_month+layer_id,200,10,9,1,1,10,0.1,0.0,0.3,999,0,1,9,0.1111111111111111,0.0,0.3333333333333333,999,0,,leaky_T500,domestic_continuous,3
distance_m+calendar_type+origin_month+layer_id,200,10,9,1,0,10,0.0,0.0,0.0,999,0,0,9,0.0,0.0,0.0,999,0,,unconfined_T50,domestic_continuous,3
distance_m+calendar_type+origin_month+layer_id,200,10,9,1,0,10,0.0,0.0,0.0,999,0,0,9,0.0,0.0,0.0,999,0,,unconfined_T500,domestic_continuous,3
distance_m+calendar_type+origin_month+layer_id,200,10,10,0,10,10,1.0,1.0,1.0,999,0,10,10,1.0,1.0,1.0,999,0,,confined_T50,domestic_continuous,4
distance_m+calendar_type+origin_month+layer_id,200,10,10,0,5,10,0.5,0.2,0.8,999,0,5,10,0.5,0.2,0.8,999,0,,confined_T500,domestic_continuous,4
distance_m+calendar_type+origin_month+layer_id,200,10,10,0,10,10,1.0,1.0,1.0,999,0,10,10,1.0,1.0,1.0,999,0,,leaky_T50,domestic_continuous,4
distance_m+calendar_type+origin_month+layer_id,200,10,10,0,1,10,0.1,0.0,0.3,999,0,1,10,0.1,0.0,0.3,999,0,,leaky_T500,domestic_continuous,4
distance_m+calendar_type+origin_month+layer_id,200,10,10,0,0,10,0.0,0.0,0.0,999,0,0,10,0.0,0.0,0.0,999,0,,unconfined_T50,domestic_continuous,4
distance_m+calendar_type+origin_month+layer_id,200,10,10,0,0,10,0.0,0.0,0.0,999,0,0,10,0.0,0.0,0.0,999,0,,unconfined_T500,domestic_continuous,4
distance_m+calendar_type+origin_month+layer_id,200,10,10,0,10,10,1.0,1.0,1.0,999,0,10,10,1.0,1.0,1.0,999,0,,confined_T50,domestic_continuous,5
distance_m+calendar_type+origin_month+layer_id,200,10,10,0,5,10,0.5,0.2,0.8,999,0,5,10,0.5,0.2,0.8,999,0,,confined_T500,domestic_continuous,5
distance_m+calendar_type+origin_month+layer_id,200,10,10,0,10,10,1.0,1.0,1.0,999,0,10,10,1.0,1.0,1.0,999,0,,leaky_T50,domestic_continuous,5
distance_m+calendar_type+origin_month+layer_id,200,10,10,0,0,10,0.0,0.0,0.0,999,0,0,10,0.0,0.0,0.0,999,0,,leaky_T500,domestic_continuous,5
distance_m+calendar_type+origin_month+layer_id,200,10,10,0,0,10,0.0,0.0,0.0,999,0,0,10,0.0,0.0,0.0,999,0,,unconfined_T50,domestic_continuous,5
distance_m+calendar_type+origin_month+layer_id,200,10,10,0,0,10,0.0,0.0,0.0,999,0,0,10,0.0,0.0,0.0,999,0,,unconfined_T500,domestic_continuous,5
distance_m+calendar_type+origin_month+layer_id,200,10,10,0,10,10,1.0,1.0,1.0,999,0,10,10,1.0,1.0,1.0,999,0,,confined_T50,domestic_continuous,6
distance_m+calendar_type+origin_month+layer_id,200,10,10,0,6,10,0.6,0.3,0.9,999,0,6,10,0.6,0.3,0.9,999,0,,confined_T500,domestic_continuous,6
distance_m+calendar_type+origin_month+layer_id,200,10,10,0,10,10,1.0,1.0,1.0,999,0,10,10,1.0,1.0,1.0,999,0,,leaky_T50,domestic_continuous,6
distance_m+calendar_type+origin_month+layer_id,200,10,10,0,1,10,0.1,0.0,0.3,999,0,1,10,0.1,0.0,0.3,999,0,,leaky_T500,domestic_continuous,6
distance_m+calendar_type+origin_month+layer_id,200,10,10,0,0,10,0.0,0.0,0.0,999,0,0,10,0.0,0.0,0.0,999,0,,unconfined_T50,domestic_continuous,6
distance_m+calendar_type+origin_month+layer_id,200,10,10,0,0,10,0.0,0.0,0.0,999,0,0,10,0.0,0.0,0.0,999,0,,unconfined_T500,domestic_continuous,6
distance_m+calendar_type+origin_month+layer_id,200,10,10,0,10,10,1.0,1.0,1.0,999,0,10,10,1.0,1.0,1.0,999,0,,confined_T50,domestic_continuous,7
distance_m+calendar_type+origin_month+layer_id,200,10,10,0,4,10,0.4,0.1,0.7,999,0,4,10,0.4,0.1,0.7,999,0,,confined_T500,domestic_continuous,7
distance_m+calendar_type+origin_month+layer_id,200,10,10,0,10,10,1.0,1.0,1.0,999,0,10,10,1.0,1.0,1.0,999,0,,leaky_T50,domestic_continuous,7
distance_m+calendar_type+origin_month+layer_id,200,10,10,0,1,10,0.1,0.0,0.3,999,0,1,10,0.1,0.0,0.3,999,0,,leaky_T500,domestic_continuous,7
distance_m+calendar_type+origin_month+layer_id,200,10,10,0,0,10,0.0,0.0,0.0,999,0,0,10,0.0,0.0,0.0,999,0,,unconfined_T50,domestic_continuous,7
distance_m+calendar_type+origin_month+layer_id,200,10,10,0,0,10,0.0,0.0,0.0,999,0,0,10,0.0,0.0,0.0,999,0,,unconfined_T500,domestic_continuous,7
distance_m+calendar_type+origin_month+layer_id,200,10,10,0,10,10,1.0,1.0,1.0,999,0,10,10,1.0,1.0,1.0,999,0,,confined_T50,domestic_continuous,8
distance_m+calendar_type+origin_month+layer_id,200,10,10,0,5,10,0.5,0.2,0.8,999,0,5,10,0.5,0.2,0.8,999,0,,confined_T500,domestic_continuous,8
distance_m+calendar_type+origin_month+layer_id,200,10,10,0,10,10,1.0,1.0,1.0,999,0,10,10,1.0,1.0,1.0,999,0,,leaky_T50,domestic_continuous,8
distance_m+calendar_type+origin_month+layer_id,200,10,10,0,2,10,0.2,0.0,0.5,999,0,2,10,0.2,0.0,0.5,999,0,,leaky_T500,domestic_continuous,8
distance_m+calendar_type+origin_month+layer_id,200,10,10,0,0,10,0.0,0.0,0.0,999,0,0,10,0.0,0.0,0.0,999,0,,unconfined_T50,domestic_continuous,8
distance_m+calendar_type+origin_month+layer_id,200,10,10,0,0,10,0.0,0.0,0.0,999,0,0,10,0.0,0.0,0.0,999,0,,unconfined_T500,domestic_continuous,8
distance_m+calendar_type+origin_month+layer_id,200,10,10,0,10,10,1.0,1.0,1.0,999,0,10,10,1.0,1.0,1.0,999,0,,confined_T50,domestic_continuous,9
distance_m+calendar_type+origin_month+layer_id,200,10,10,0,5,10,0.5,0.2,0.8,999,0,5,10,0.5,0.2,0.8,999,0,,confined_T500,domestic_continuous,9
distance_m+calendar_type+origin_month+layer_id,200,10,10,0,10,10,1.0,1.0,1.0,999,0,10,10,1.0,1.0,1.0,999,0,,leaky_T50,domestic_continuous,9
distance_m+calendar_type+origin_month+layer_id,200,10,10,0,2,10,0.2,0.0,0.5,999,0,2,10,0.2,0.0,0.5,999,0,,leaky_T500,domestic_continuous,9
distance_m+calendar_type+origin_month+layer_id,200,10,10,0,0,10,0.0,0.0,0.0,999,0,0,10,0.0,0.0,0.0,999,0,,unconfined_T50,domestic_continuous,9
distance_m+calendar_type+origin_month+layer_id,200,10,10,0,0,10,0.0,0.0,0.0,999,0,0,10,0.0,0.0,0.0,999,0,,unconfined_T500,domestic_continuous,9
distance_m+calendar_type+origin_month+layer_id,200,10,0,10,0,10,0.0,0.0,0.0,999,0,0,0,,,,0,999,,confined_T50,paddy_irrigation,1
distance_m+calendar_type+origin_month+layer_id,200,10,0,10,0,10,0.0,0.0,0.0,999,0,0,0,,,,0,999,,confined_T500,paddy_irrigation,1
distance_m+calendar_type+origin_month+layer_id,200,10,0,10,0,10,0.0,0.0,0.0,999,0,0,0,,,,0,999,,leaky_T50,paddy_irrigation,1
distance_m+calendar_type+origin_month+layer_id,200,10,0,10,0,10,0.0,0.0,0.0,999,0,0,0,,,,0,999,,leaky_T500,paddy_irrigation,1
distance_m+calendar_type+origin_month+layer_id,200,10,0,10,0,10,0.0,0.0,0.0,999,0,0,0,,,,0,999,,unconfined_T50,paddy_irrigation,1
distance_m+calendar_type+origin_month+layer_id,200,10,0,10,0,10,0.0,0.0,0.0,999,0,0,0,,,,0,999,,unconfined_T500,paddy_irrigation,1
distance_m+calendar_type+origin_month+layer_id,200,10,0,10,0,10,0.0,0.0,0.0,999,0,0,0,,,,0,999,,confined_T50,paddy_irrigation,10
distance_m+calendar_type+origin_month+layer_id,200,10,0,10,0,10,0.0,0.0,0.0,999,0,0,0,,,,0,999,,confined_T500,paddy_irrigation,10
distance_m+calendar_type+origin_month+layer_id,200,10,0,10,0,10,0.0,0.0,0.0,999,0,0,0,,,,0,999,,leaky_T50,paddy_irrigation,10
distance_m+calendar_type+origin_month+layer_id,200,10,0,10,0,10,0.0,0.0,0.0,999,0,0,0,,,,0,999,,leaky_T500,paddy_irrigation,10
distance_m+calendar_type+origin_month+layer_id,200,10,0,10,0,10,0.0,0.0,0.0,999,0,0,0,,,,0,999,,unconfined_T50,paddy_irrigation,10
distance_m+calendar_type+origin_month+layer_id,200,10,0,10,0,10,0.0,0.0,0.0,999,0,0,0,,,,0,999,,unconfined_T500,paddy_irrigation,10
distance_m+calendar_type+origin_month+layer_id,200,10,0,10,0,10,0.0,0.0,0.0,999,0,0,0,,,,0,999,,confined_T50,paddy_irrigation,11
distance_m+calendar_type+origin_month+layer_id,200,10,0,10,0,10,0.0,0.0,0.0,999,0,0,0,,,,0,999,,confined_T500,paddy_irrigation,11
distance_m+calendar_type+origin_month+layer_id,200,10,0,10,0,10,0.0,0.0,0.0,999,0,0,0,,,,0,999,,leaky_T50,paddy_irrigation,11
distance_m+calendar_type+origin_month+layer_id,200,10,0,10,0,10,0.0,0.0,0.0,999,0,0,0,,,,0,999,,leaky_T500,paddy_irrigation,11
distance_m+calendar_type+origin_month+layer_id,200,10,0,10,0,10,0.0,0.0,0.0,999,0,0,0,,,,0,999,,unconfined_T50,paddy_irrigation,11
distance_m+calendar_type+origin_month+layer_id,200,10,0,10,0,10,0.0,0.0,0.0,999,0,0,0,,,,0,999,,unconfined_T500,paddy_irrigation,11
distance_m+calendar_type+origin_month+layer_id,200,10,0,10,0,10,0.0,0.0,0.0,999,0,0,0,,,,0,999,,confined_T50,paddy_irrigation,12
distance_m+calendar_type+origin_month+layer_id,200,10,0,10,0,10,0.0,0.0,0.0,999,0,0,0,,,,0,999,,confined_T500,paddy_irrigation,12
distance_m+calendar_type+origin_month+layer_id,200,10,0,10,0,10,0.0,0.0,0.0,999,0,0,0,,,,0,999,,leaky_T50,paddy_irrigation,12
distance_m+calendar_type+origin_month+layer_id,200,10,0,10,0,10,0.0,0.0,0.0,999,0,0,0,,,,0,999,,leaky_T500,paddy_irrigation,12
distance_m+calendar_type+origin_month+layer_id,200,10,0,10,0,10,0.0,0.0,0.0,999,0,0,0,,,,0,999,,unconfined_T50,paddy_irrigation,12
distance_m+calendar_type+origin_month+layer_id,200,10,0,10,0,10,0.0,0.0,0.0,999,0,0,0,,,,0,999,,unconfined_T500,paddy_irrigation,12
distance_m+calendar_type+origin_month+layer_id,200,10,0,10,0,10,0.0,0.0,0.0,999,0,0,0,,,,0,999,,confined_T50,paddy_irrigation,2
distance_m+calendar_type+origin_month+layer_id,200,10,0,10,0,10,0.0,0.0,0.0,999,0,0,0,,,,0,999,,confined_T500,paddy_irrigation,2
distance_m+calendar_type+origin_month+layer_id,200,10,0,10,0,10,0.0,0.0,0.0,999,0,0,0,,,,0,999,,leaky_T50,paddy_irrigation,2
distance_m+calendar_type+origin_month+layer_id,200,10,0,10,0,10,0.0,0.0,0.0,999,0,0,0,,,,0,999,,leaky_T500,paddy_irrigation,2
distance_m+calendar_type+origin_month+layer_id,200,10,0,10,0,10,0.0,0.0,0.0,999,0,0,0,,,,0,999,,unconfined_T50,paddy_irrigation,2
distance_m+calendar_type+origin_month+layer_id,200,10,0,10,0,10,0.0,0.0,0.0,999,0,0,0,,,,0,999,,unconfined_T500,paddy_irrigation,2
distance_m+calendar_type+origin_month+layer_id,200,10,0,10,0,10,0.0,0.0,0.0,999,0,0,0,,,,0,999,,confined_T50,paddy_irrigation,3
distance_m+calendar_type+origin_month+layer_id,200,10,0,10,0,10,0.0,0.0,0.0,999,0,0,0,,,,0,999,,confined_T500,paddy_irrigation,3
distance_m+calendar_type+origin_month+layer_id,200,10,0,10,0,10,0.0,0.0,0.0,999,0,0,0,,,,0,999,,leaky_T50,paddy_irrigation,3
distance_m+calendar_type+origin_month+layer_id,200,10,0,10,0,10,0.0,0.0,0.0,999,0,0,0,,,,0,999,,leaky_T500,paddy_irrigation,3
distance_m+calendar_type+origin_month+layer_id,200,10,0,10,0,10,0.0,0.0,0.0,999,0,0,0,,,,0,999,,unconfined_T50,paddy_irrigation,3
distance_m+calendar_type+origin_month+layer_id,200,10,0,10,0,10,0.0,0.0,0.0,999,0,0,0,,,,0,999,,unconfined_T500,paddy_irrigation,3
distance_m+calendar_type+origin_month+layer_id,200,10,0,10,0,10,0.0,0.0,0.0,999,0,0,0,,,,0,999,,confined_T50,paddy_irrigation,4
distance_m+calendar_type+origin_month+layer_id,200,10,0,10,0,10,0.0,0.0,0.0,999,0,0,0,,,,0,999,,confined_T500,paddy_irrigation,4
distance_m+calendar_type+origin_month+layer_id,200,10,0,10,0,10,0.0,0.0,0.0,999,0,0,0,,,,0,999,,leaky_T50,paddy_irrigation,4
distance_m+calendar_type+origin_month+layer_id,200,10,0,10,0,10,0.0,0.0,0.0,999,0,0,0,,,,0,999,,leaky_T500,paddy_irrigation,4
distance_m+calendar_type+origin_month+layer_id,200,10,0,10,0,10,0.0,0.0,0.0,999,0,0,0,,,,0,999,,unconfined_T50,paddy_irrigation,4
distance_m+calendar_type+origin_month+layer_id,200,10,0,10,0,10,0.0,0.0,0.0,999,0,0,0,,,,0,999,,unconfined_T500,paddy_irrigation,4
distance_m+calendar_type+origin_month+layer_id,200,10,8,2,8,10,0.8,0.5,1.0,999,0,8,8,1.0,1.0,1.0,999,0,,confined_T50,paddy_irrigation,5
distance_m+calendar_type+origin_month+layer_id,200,10,8,2,8,10,0.8,0.5,1.0,999,0,8,8,1.0,1.0,1.0,999,0,,confined_T500,paddy_irrigation,5
distance_m+calendar_type+origin_month+layer_id,200,10,8,2,8,10,0.8,0.5,1.0,999,0,8,8,1.0,1.0,1.0,999,0,,leaky_T50,paddy_irrigation,5
distance_m+calendar_type+origin_month+layer_id,200,10,8,2,8,10,0.8,0.5,1.0,999,0,8,8,1.0,1.0,1.0,999,0,,leaky_T500,paddy_irrigation,5
distance_m+calendar_type+origin_month+layer_id,200,10,8,2,2,10,0.2,0.0,0.5,999,0,2,8,0.25,0.0,0.6012499999999988,999,0,,unconfined_T50,paddy_irrigation,5
distance_m+calendar_type+origin_month+layer_id,200,10,8,2,0,10,0.0,0.0,0.0,999,0,0,8,0.0,0.0,0.0,999,0,,unconfined_T500,paddy_irrigation,5
distance_m+calendar_type+origin_month+layer_id,200,10,8,2,8,10,0.8,0.5,1.0,999,0,8,8,1.0,1.0,1.0,999,0,,confined_T50,paddy_irrigation,6
distance_m+calendar_type+origin_month+layer_id,200,10,8,2,8,10,0.8,0.5,1.0,999,0,8,8,1.0,1.0,1.0,999,0,,confined_T500,paddy_irrigation,6
distance_m+calendar_type+origin_month+layer_id,200,10,8,2,8,10,0.8,0.5,1.0,999,0,8,8,1.0,1.0,1.0,999,0,,leaky_T50,paddy_irrigation,6
distance_m+calendar_type+origin_month+layer_id,200,10,8,2,8,10,0.8,0.5,1.0,999,0,8,8,1.0,1.0,1.0,999,0,,leaky_T500,paddy_irrigation,6
distance_m+calendar_type+origin_month+layer_id,200,10,8,2,3,10,0.3,0.0,0.6,999,0,3,8,0.375,0.0,0.7160714285714269,999,0,,unconfined_T50,paddy_irrigation,6
distance_m+calendar_type+origin_month+layer_id,200,10,8,2,0,10,0.0,0.0,0.0,999,0,0,8,0.0,0.0,0.0,999,0,,unconfined_T500,paddy_irrigation,6
distance_m+calendar_type+origin_month+layer_id,200,10,6,4,6,10,0.6,0.3,0.9,999,0,6,6,1.0,1.0,1.0,999,0,,confined_T50,paddy_irrigation,7
distance_m+calendar_type+origin_month+layer_id,200,10,6,4,6,10,0.6,0.3,0.9,999,0,6,6,1.0,1.0,1.0,999,0,,confined_T500,paddy_irrigation,7
distance_m+calendar_type+origin_month+layer_id,200,10,6,4,6,10,0.6,0.3,0.9,999,0,6,6,1.0,1.0,1.0,999,0,,leaky_T50,paddy_irrigation,7
distance_m+calendar_type+origin_month+layer_id,200,10,6,4,6,10,0.6,0.3,0.9,999,0,6,6,1.0,1.0,1.0,999,0,,leaky_T500,paddy_irrigation,7
distance_m+calendar_type+origin_month+layer_id,200,10,6,4,3,10,0.3,0.1,0.6,999,0,3,6,0.5,0.125,1.0,999,0,,unconfined_T50,paddy_irrigation,7
distance_m+calendar_type+origin_month+layer_id,200,10,6,4,0,10,0.0,0.0,0.0,999,0,0,6,0.0,0.0,0.0,999,0,,unconfined_T500,paddy_irrigation,7
distance_m+calendar_type+origin_month+layer_id,200,10,6,4,6,10,0.6,0.3,0.9,999,0,6,6,1.0,1.0,1.0,999,0,,confined_T50,paddy_irrigation,8
distance_m+calendar_type+origin_month+layer_id,200,10,6,4,6,10,0.6,0.3,0.9,999,0,6,6,1.0,1.0,1.0,999,0,,confined_T500,paddy_irrigation,8
distance_m+calendar_type+origin_month+layer_id,200,10,6,4,6,10,0.6,0.3,0.9,999,0,6,6,1.0,1.0,1.0,999,0,,leaky_T50,paddy_irrigation,8
distance_m+calendar_type+origin_month+layer_id,200,10,6,4,6,10,0.6,0.3,0.9,999,0,6,6,1.0,1.0,1.0,999,0,,leaky_T500,paddy_irrigation,8
distance_m+calendar_type+origin_month+layer_id,200,10,6,4,3,10,0.3,0.09500000000000029,0.6,999,0,3,6,0.5,0.11875000000000036,1.0,999,0,,unconfined_T50,paddy_irrigation,8
distance_m+calendar_type+origin_month+layer_id,200,10,6,4,2,10,0.2,0.0,0.5,999,0,2,6,0.3333333333333333,0.0,0.75,999,0,,unconfined_T500,paddy_irrigation,8
distance_m+calendar_type+origin_month+layer_id,200,10,0,10,0,10,0.0,0.0,0.0,999,0,0,0,,,,0,999,,confined_T50,paddy_irrigation,9
distance_m+calendar_type+origin_month+layer_id,200,10,0,10,0,10,0.0,0.0,0.0,999,0,0,0,,,,0,999,,confined_T500,paddy_irrigation,9
distance_m+calendar_type+origin_month+layer_id,200,10,0,10,0,10,0.0,0.0,0.0,999,0,0,0,,,,0,999,,leaky_T50,paddy_irrigation,9
distance_m+calendar_type+origin_month+layer_id,200,10,0,10,0,10,0.0,0.0,0.0,999,0,0,0,,,,0,999,,leaky_T500,paddy_irrigation,9
distance_m+calendar_type+origin_month+layer_id,200,10,0,10,0,10,0.0,0.0,0.0,999,0,0,0,,,,0,999,,unconfined_T50,paddy_irrigation,9
distance_m+calendar_type+origin_month+layer_id,200,10,0,10,0,10,0.0,0.0,0.0,999,0,0,0,,,,0,999,,unconfined_T500,paddy_irrigation,9
distance_m+calendar_type+origin_month+layer_id,200,10,8,2,8,10,0.8,0.6,1.0,999,0,8,8,1.0,1.0,1.0,999,0,,confined_T50,water_curtain,1
distance_m+calendar_type+origin_month+layer_id,200,10,8,2,8,10,0.8,0.6,1.0,999,0,8,8,1.0,1.0,1.0,999,0,,confined_T500,water_curtain,1
distance_m+calendar_type+origin_month+layer_id,200,10,8,2,8,10,0.8,0.6,1.0,999,0,8,8,1.0,1.0,1.0,999,0,,leaky_T50,water_curtain,1
distance_m+calendar_type+origin_month+layer_id,200,10,8,2,6,10,0.6,0.3,0.9,999,0,6,8,0.75,0.4,1.0,999,0,,leaky_T500,water_curtain,1
distance_m+calendar_type+origin_month+layer_id,200,10,8,2,0,10,0.0,0.0,0.0,999,0,0,8,0.0,0.0,0.0,999,0,,unconfined_T50,water_curtain,1
distance_m+calendar_type+origin_month+layer_id,200,10,8,2,0,10,0.0,0.0,0.0,999,0,0,8,0.0,0.0,0.0,999,0,,unconfined_T500,water_curtain,1
distance_m+calendar_type+origin_month+layer_id,200,10,3,7,3,10,0.3,0.0,0.6,999,0,3,3,1.0,1.0,1.0,969,30,,confined_T50,water_curtain,10
distance_m+calendar_type+origin_month+layer_id,200,10,3,7,3,10,0.3,0.0,0.6,999,0,3,3,1.0,1.0,1.0,969,30,,confined_T500,water_curtain,10
distance_m+calendar_type+origin_month+layer_id,200,10,3,7,3,10,0.3,0.0,0.6,999,0,3,3,1.0,1.0,1.0,969,30,,leaky_T50,water_curtain,10
distance_m+calendar_type+origin_month+layer_id,200,10,3,7,3,10,0.3,0.0,0.6,999,0,3,3,1.0,1.0,1.0,969,30,,leaky_T500,water_curtain,10
distance_m+calendar_type+origin_month+layer_id,200,10,3,7,0,10,0.0,0.0,0.0,999,0,0,3,0.0,0.0,0.0,969,30,,unconfined_T50,water_curtain,10
distance_m+calendar_type+origin_month+layer_id,200,10,3,7,0,10,0.0,0.0,0.0,999,0,0,3,0.0,0.0,0.0,969,30,,unconfined_T500,water_curtain,10
distance_m+calendar_type+origin_month+layer_id,200,10,8,2,8,10,0.8,0.5,1.0,999,0,8,8,1.0,1.0,1.0,999,0,,confined_T50,water_curtain,11
distance_m+calendar_type+origin_month+layer_id,200,10,8,2,8,10,0.8,0.5,1.0,999,0,8,8,1.0,1.0,1.0,999,0,,confined_T500,water_curtain,11
distance_m+calendar_type+origin_month+layer_id,200,10,8,2,8,10,0.8,0.5,1.0,999,0,8,8,1.0,1.0,1.0,999,0,,leaky_T50,water_curtain,11
distance_m+calendar_type+origin_month+layer_id,200,10,8,2,8,10,0.8,0.5,1.0,999,0,8,8,1.0,1.0,1.0,999,0,,leaky_T500,water_curtain,11
distance_m+calendar_type+origin_month+layer_id,200,10,8,2,0,10,0.0,0.0,0.0,999,0,0,8,0.0,0.0,0.0,999,0,,unconfined_T50,water_curtain,11
distance_m+calendar_type+origin_month+layer_id,200,10,8,2,0,10,0.0,0.0,0.0,999,0,0,8,0.0,0.0,0.0,999,0,,unconfined_T500,water_curtain,11
distance_m+calendar_type+origin_month+layer_id,200,10,7,3,7,10,0.7,0.4,1.0,999,0,7,7,1.0,1.0,1.0,999,0,,confined_T50,water_curtain,12
distance_m+calendar_type+origin_month+layer_id,200,10,7,3,7,10,0.7,0.4,1.0,999,0,7,7,1.0,1.0,1.0,999,0,,confined_T500,water_curtain,12
distance_m+calendar_type+origin_month+layer_id,200,10,7,3,7,10,0.7,0.4,1.0,999,0,7,7,1.0,1.0,1.0,999,0,,leaky_T50,water_curtain,12
distance_m+calendar_type+origin_month+layer_id,200,10,7,3,7,10,0.7,0.4,1.0,999,0,7,7,1.0,1.0,1.0,999,0,,leaky_T500,water_curtain,12
distance_m+calendar_type+origin_month+layer_id,200,10,7,3,0,10,0.0,0.0,0.0,999,0,0,7,0.0,0.0,0.0,999,0,,unconfined_T50,water_curtain,12
distance_m+calendar_type+origin_month+layer_id,200,10,7,3,0,10,0.0,0.0,0.0,999,0,0,7,0.0,0.0,0.0,999,0,,unconfined_T500,water_curtain,12
distance_m+calendar_type+origin_month+layer_id,200,10,7,3,7,10,0.7,0.4,1.0,999,0,7,7,1.0,1.0,1.0,999,0,,confined_T50,water_curtain,2
distance_m+calendar_type+origin_month+layer_id,200,10,7,3,7,10,0.7,0.4,1.0,999,0,7,7,1.0,1.0,1.0,999,0,,confined_T500,water_curtain,2
distance_m+calendar_type+origin_month+layer_id,200,10,7,3,7,10,0.7,0.4,1.0,999,0,7,7,1.0,1.0,1.0,999,0,,leaky_T50,water_curtain,2
distance_m+calendar_type+origin_month+layer_id,200,10,7,3,6,10,0.6,0.3,0.9,999,0,6,7,0.8571428571428571,0.5714285714285714,1.0,999,0,,leaky_T500,water_curtain,2
distance_m+calendar_type+origin_month+layer_id,200,10,7,3,0,10,0.0,0.0,0.0,999,0,0,7,0.0,0.0,0.0,999,0,,unconfined_T50,water_curtain,2
distance_m+calendar_type+origin_month+layer_id,200,10,7,3,0,10,0.0,0.0,0.0,999,0,0,7,0.0,0.0,0.0,999,0,,unconfined_T500,water_curtain,2
distance_m+calendar_type+origin_month+layer_id,200,10,9,1,9,10,0.9,0.7,1.0,999,0,9,9,1.0,1.0,1.0,999,0,,confined_T50,water_curtain,3
distance_m+calendar_type+origin_month+layer_id,200,10,9,1,9,10,0.9,0.7,1.0,999,0,9,9,1.0,1.0,1.0,999,0,,confined_T500,water_curtain,3
distance_m+calendar_type+origin_month+layer_id,200,10,9,1,9,10,0.9,0.7,1.0,999,0,9,9,1.0,1.0,1.0,999,0,,leaky_T50,water_curtain,3
distance_m+calendar_type+origin_month+layer_id,200,10,9,1,9,10,0.9,0.7,1.0,999,0,9,9,1.0,1.0,1.0,999,0,,leaky_T500,water_curtain,3
distance_m+calendar_type+origin_month+layer_id,200,10,9,1,0,10,0.0,0.0,0.0,999,0,0,9,0.0,0.0,0.0,999,0,,unconfined_T50,water_curtain,3
distance_m+calendar_type+origin_month+layer_id,200,10,9,1,0,10,0.0,0.0,0.0,999,0,0,9,0.0,0.0,0.0,999,0,,unconfined_T500,water_curtain,3
distance_m+calendar_type+origin_month+layer_id,200,10,3,7,3,10,0.3,0.0,0.6,999,0,3,3,1.0,1.0,1.0,969,30,,confined_T50,water_curtain,4
distance_m+calendar_type+origin_month+layer_id,200,10,3,7,3,10,0.3,0.0,0.6,999,0,3,3,1.0,1.0,1.0,969,30,,confined_T500,water_curtain,4
distance_m+calendar_type+origin_month+layer_id,200,10,3,7,3,10,0.3,0.0,0.6,999,0,3,3,1.0,1.0,1.0,969,30,,leaky_T50,water_curtain,4
distance_m+calendar_type+origin_month+layer_id,200,10,3,7,2,10,0.2,0.0,0.5,999,0,2,3,0.6666666666666666,0.0,1.0,969,30,,leaky_T500,water_curtain,4
distance_m+calendar_type+origin_month+layer_id,200,10,3,7,0,10,0.0,0.0,0.0,999,0,0,3,0.0,0.0,0.0,969,30,,unconfined_T50,water_curtain,4
distance_m+calendar_type+origin_month+layer_id,200,10,3,7,0,10,0.0,0.0,0.0,999,0,0,3,0.0,0.0,0.0,969,30,,unconfined_T500,water_curtain,4
distance_m+calendar_type+origin_month+layer_id,200,10,3,7,3,10,0.3,0.0,0.6,999,0,3,3,1.0,1.0,1.0,969,30,,confined_T50,water_curtain,5
distance_m+calendar_type+origin_month+layer_id,200,10,3,7,3,10,0.3,0.0,0.6,999,0,3,3,1.0,1.0,1.0,969,30,,confined_T500,water_curtain,5
distance_m+calendar_type+origin_month+layer_id,200,10,3,7,3,10,0.3,0.0,0.6,999,0,3,3,1.0,1.0,1.0,969,30,,leaky_T50,water_curtain,5
distance_m+calendar_type+origin_month+layer_id,200,10,3,7,2,10,0.2,0.0,0.5,999,0,2,3,0.6666666666666666,0.0,1.0,969,30,,leaky_T500,water_curtain,5
distance_m+calendar_type+origin_month+layer_id,200,10,3,7,0,10,0.0,0.0,0.0,999,0,0,3,0.0,0.0,0.0,969,30,,unconfined_T50,water_curtain,5
distance_m+calendar_type+origin_month+layer_id,200,10,3,7,0,10,0.0,0.0,0.0,999,0,0,3,0.0,0.0,0.0,969,30,,unconfined_T500,water_curtain,5
distance_m+calendar_type+origin_month+layer_id,200,10,3,7,3,10,0.3,0.0,0.6,999,0,3,3,1.0,1.0,1.0,969,30,,confined_T50,water_curtain,6
distance_m+calendar_type+origin_month+layer_id,200,10,3,7,3,10,0.3,0.0,0.6,999,0,3,3,1.0,1.0,1.0,969,30,,confined_T500,water_curtain,6
distance_m+calendar_type+origin_month+layer_id,200,10,3,7,3,10,0.3,0.0,0.6,999,0,3,3,1.0,1.0,1.0,969,30,,leaky_T50,water_curtain,6
distance_m+calendar_type+origin_month+layer_id,200,10,3,7,3,10,0.3,0.0,0.6,999,0,3,3,1.0,1.0,1.0,969,30,,leaky_T500,water_curtain,6
distance_m+calendar_type+origin_month+layer_id,200,10,3,7,0,10,0.0,0.0,0.0,999,0,0,3,0.0,0.0,0.0,969,30,,unconfined_T50,water_curtain,6
distance_m+calendar_type+origin_month+layer_id,200,10,3,7,0,10,0.0,0.0,0.0,999,0,0,3,0.0,0.0,0.0,969,30,,unconfined_T500,water_curtain,6
distance_m+calendar_type+origin_month+layer_id,200,10,3,7,3,10,0.3,0.0,0.6,999,0,3,3,1.0,1.0,1.0,969,30,,confined_T50,water_curtain,7
distance_m+calendar_type+origin_month+layer_id,200,10,3,7,3,10,0.3,0.0,0.6,999,0,3,3,1.0,1.0,1.0,969,30,,confined_T500,water_curtain,7
distance_m+calendar_type+origin_month+layer_id,200,10,3,7,3,10,0.3,0.0,0.6,999,0,3,3,1.0,1.0,1.0,969,30,,leaky_T50,water_curtain,7
distance_m+calendar_type+origin_month+layer_id,200,10,3,7,3,10,0.3,0.0,0.6,999,0,3,3,1.0,1.0,1.0,969,30,,leaky_T500,water_curtain,7
distance_m+calendar_type+origin_month+layer_id,200,10,3,7,0,10,0.0,0.0,0.0,999,0,0,3,0.0,0.0,0.0,969,30,,unconfined_T50,water_curtain,7
distance_m+calendar_type+origin_month+layer_id,200,10,3,7,0,10,0.0,0.0,0.0,999,0,0,3,0.0,0.0,0.0,969,30,,unconfined_T500,water_curtain,7
distance_m+calendar_type+origin_month+layer_id,200,10,3,7,3,10,0.3,0.0,0.6,999,0,3,3,1.0,1.0,1.0,969,30,,confined_T50,water_curtain,8
distance_m+calendar_type+origin_month+layer_id,200,10,3,7,3,10,0.3,0.0,0.6,999,0,3,3,1.0,1.0,1.0,969,30,,confined_T500,water_curtain,8
distance_m+calendar_type+origin_month+layer_id,200,10,3,7,3,10,0.3,0.0,0.6,999,0,3,3,1.0,1.0,1.0,969,30,,leaky_T50,water_curtain,8
distance_m+calendar_type+origin_month+layer_id,200,10,3,7,2,10,0.2,0.0,0.5,999,0,2,3,0.6666666666666666,0.0,1.0,969,30,,leaky_T500,water_curtain,8
distance_m+calendar_type+origin_month+layer_id,200,10,3,7,0,10,0.0,0.0,0.0,999,0,0,3,0.0,0.0,0.0,969,30,,unconfined_T50,water_curtain,8
distance_m+calendar_type+origin_month+layer_id,200,10,3,7,0,10,0.0,0.0,0.0,999,0,0,3,0.0,0.0,0.0,969,30,,unconfined_T500,water_curtain,8
distance_m+calendar_type+origin_month+layer_id,200,10,3,7,3,10,0.3,0.0,0.6,999,0,3,3,1.0,1.0,1.0,969,30,,confined_T50,water_curtain,9
distance_m+calendar_type+origin_month+layer_id,200,10,3,7,3,10,0.3,0.0,0.6,999,0,3,3,1.0,1.0,1.0,969,30,,confined_T500,water_curtain,9
distance_m+calendar_type+origin_month+layer_id,200,10,3,7,3,10,0.3,0.0,0.6,999,0,3,3,1.0,1.0,1.0,969,30,,leaky_T50,water_curtain,9
distance_m+calendar_type+origin_month+layer_id,200,10,3,7,2,10,0.2,0.0,0.5,999,0,2,3,0.6666666666666666,0.0,1.0,969,30,,leaky_T500,water_curtain,9
distance_m+calendar_type+origin_month+layer_id,200,10,3,7,0,10,0.0,0.0,0.0,999,0,0,3,0.0,0.0,0.0,969,30,,unconfined_T50,water_curtain,9
distance_m+calendar_type+origin_month+layer_id,200,10,3,7,0,10,0.0,0.0,0.0,999,0,0,3,0.0,0.0,0.0,969,30,,unconfined_T500,water_curtain,9
distance_m+calendar_type+origin_month+storage_type,20,20,20,0,18,20,0.9,0.75,1.0,999,0,18,20,0.9,0.75,1.0,999,0,confined,,domestic_continuous,1
distance_m+calendar_type+origin_month+storage_type,20,20,20,0,18,20,0.9,0.75,1.0,999,0,18,20,0.9,0.75,1.0,999,0,leaky,,domestic_continuous,1
distance_m+calendar_type+origin_month+storage_type,20,20,20,0,11,20,0.55,0.5,0.65,999,0,11,20,0.55,0.5,0.65,999,0,unconfined,,domestic_continuous,1
distance_m+calendar_type+origin_month+storage_type,20,20,20,0,19,20,0.95,0.85,1.0,999,0,19,20,0.95,0.85,1.0,999,0,confined,,domestic_continuous,10
distance_m+calendar_type+origin_month+storage_type,20,20,20,0,18,20,0.9,0.75,1.0,999,0,18,20,0.9,0.75,1.0,999,0,leaky,,domestic_continuous,10
distance_m+calendar_type+origin_month+storage_type,20,20,20,0,10,20,0.5,0.5,0.5,999,0,10,20,0.5,0.5,0.5,999,0,unconfined,,domestic_continuous,10
distance_m+calendar_type+origin_month+storage_type,20,20,20,0,19,20,0.95,0.85,1.0,999,0,19,20,0.95,0.85,1.0,999,0,confined,,domestic_continuous,11
distance_m+calendar_type+origin_month+storage_type,20,20,20,0,18,20,0.9,0.75,1.0,999,0,18,20,0.9,0.75,1.0,999,0,leaky,,domestic_continuous,11
distance_m+calendar_type+origin_month+storage_type,20,20,20,0,11,20,0.55,0.5,0.65,999,0,11,20,0.55,0.5,0.65,999,0,unconfined,,domestic_continuous,11
distance_m+calendar_type+origin_month+storage_type,20,20,20,0,19,20,0.95,0.85,1.0,999,0,19,20,0.95,0.85,1.0,999,0,confined,,domestic_continuous,12
distance_m+calendar_type+origin_month+storage_type,20,20,20,0,19,20,0.95,0.85,1.0,999,0,19,20,0.95,0.85,1.0,999,0,leaky,,domestic_continuous,12
distance_m+calendar_type+origin_month+storage_type,20,20,20,0,10,20,0.5,0.5,0.5,999,0,10,20,0.5,0.5,0.5,999,0,unconfined,,domestic_continuous,12
distance_m+calendar_type+origin_month+storage_type,20,20,20,0,19,20,0.95,0.85,1.0,999,0,19,20,0.95,0.85,1.0,999,0,confined,,domestic_continuous,2
distance_m+calendar_type+origin_month+storage_type,20,20,20,0,17,20,0.85,0.7,1.0,999,0,17,20,0.85,0.7,1.0,999,0,leaky,,domestic_continuous,2
distance_m+calendar_type+origin_month+storage_type,20,20,20,0,11,20,0.55,0.5,0.65,999,0,11,20,0.55,0.5,0.65,999,0,unconfined,,domestic_continuous,2
distance_m+calendar_type+origin_month+storage_type,20,20,18,2,15,20,0.75,0.5,0.95,999,0,15,18,0.8333333333333334,0.6666666666666666,0.95,999,0,confined,,domestic_continuous,3
distance_m+calendar_type+origin_month+storage_type,20,20,18,2,15,20,0.75,0.5,0.95,999,0,15,18,0.8333333333333334,0.6666666666666666,0.95,999,0,leaky,,domestic_continuous,3
distance_m+calendar_type+origin_month+storage_type,20,20,18,2,9,20,0.45,0.35,0.5,999,0,9,18,0.5,0.5,0.5,999,0,unconfined,,domestic_continuous,3
distance_m+calendar_type+origin_month+storage_type,20,20,20,0,18,20,0.9,0.75,1.0,999,0,18,20,0.9,0.75,1.0,999,0,confined,,domestic_continuous,4
distance_m+calendar_type+origin_month+storage_type,20,20,20,0,18,20,0.9,0.75,1.0,999,0,18,20,0.9,0.75,1.0,999,0,leaky,,domestic_continuous,4
distance_m+calendar_type+origin_month+storage_type,20,20,20,0,11,20,0.55,0.5,0.65,999,0,11,20,0.55,0.5,0.65,999,0,unconfined,,domestic_continuous,4
distance_m+calendar_type+origin_month+storage_type,20,20,20,0,18,20,0.9,0.75,1.0,999,0,18,20,0.9,0.75,1.0,999,0,confined,,domestic_continuous,5
distance_m+calendar_type+origin_month+storage_type,20,20,20,0,16,20,0.8,0.65,0.95,999,0,16,20,0.8,0.65,0.95,999,0,leaky,,domestic_continuous,5
distance_m+calendar_type+origin_month+storage_type,20,20,20,0,10,20,0.5,0.5,0.5,999,0,10,20,0.5,0.5,0.5,999,0,unconfined,,domestic_continuous,5
distance_m+calendar_type+origin_month+storage_type,20,20,20,0,18,20,0.9,0.75,1.0,999,0,18,20,0.9,0.75,1.0,999,0,confined,,domestic_continuous,6
distance_m+calendar_type+origin_month+storage_type,20,20,20,0,18,20,0.9,0.75,1.0,999,0,18,20,0.9,0.75,1.0,999,0,leaky,,domestic_continuous,6
distance_m+calendar_type+origin_month+storage_type,20,20,20,0,11,20,0.55,0.5,0.65,999,0,11,20,0.55,0.5,0.65,999,0,unconfined,,domestic_continuous,6
distance_m+calendar_type+origin_month+storage_type,20,20,20,0,19,20,0.95,0.85,1.0,999,0,19,20,0.95,0.85,1.0,999,0,confined,,domestic_continuous,7
distance_m+calendar_type+origin_month+storage_type,20,20,20,0,17,20,0.85,0.7,1.0,999,0,17,20,0.85,0.7,1.0,999,0,leaky,,domestic_continuous,7
distance_m+calendar_type+origin_month+storage_type,20,20,20,0,11,20,0.55,0.5,0.65,999,0,11,20,0.55,0.5,0.65,999,0,unconfined,,domestic_continuous,7
distance_m+calendar_type+origin_month+storage_type,20,20,20,0,19,20,0.95,0.85,1.0,999,0,19,20,0.95,0.85,1.0,999,0,confined,,domestic_continuous,8
distance_m+calendar_type+origin_month+storage_type,20,20,20,0,18,20,0.9,0.75,1.0,999,0,18,20,0.9,0.75,1.0,999,0,leaky,,domestic_continuous,8
distance_m+calendar_type+origin_month+storage_type,20,20,20,0,11,20,0.55,0.5,0.65,999,0,11,20,0.55,0.5,0.65,999,0,unconfined,,domestic_continuous,8
distance_m+calendar_type+origin_month+storage_type,20,20,20,0,19,20,0.95,0.85,1.0,999,0,19,20,0.95,0.85,1.0,999,0,confined,,domestic_continuous,9
distance_m+calendar_type+origin_month+storage_type,20,20,20,0,19,20,0.95,0.85,1.0,999,0,19,20,0.95,0.85,1.0,999,0,leaky,,domestic_continuous,9
distance_m+calendar_type+origin_month+storage_type,20,20,20,0,12,20,0.6,0.5,0.75,999,0,12,20,0.6,0.5,0.75,999,0,unconfined,,domestic_continuous,9
distance_m+calendar_type+origin_month+storage_type,20,20,0,20,0,20,0.0,0.0,0.0,999,0,0,0,,,,0,999,confined,,paddy_irrigation,1
distance_m+calendar_type+origin_month+storage_type,20,20,0,20,0,20,0.0,0.0,0.0,999,0,0,0,,,,0,999,leaky,,paddy_irrigation,1
distance_m+calendar_type+origin_month+storage_type,20,20,0,20,0,20,0.0,0.0,0.0,999,0,0,0,,,,0,999,unconfined,,paddy_irrigation,1
distance_m+calendar_type+origin_month+storage_type,20,20,0,20,0,20,0.0,0.0,0.0,999,0,0,0,,,,0,999,confined,,paddy_irrigation,10
distance_m+calendar_type+origin_month+storage_type,20,20,0,20,0,20,0.0,0.0,0.0,999,0,0,0,,,,0,999,leaky,,paddy_irrigation,10
distance_m+calendar_type+origin_month+storage_type,20,20,0,20,0,20,0.0,0.0,0.0,999,0,0,0,,,,0,999,unconfined,,paddy_irrigation,10
distance_m+calendar_type+origin_month+storage_type,20,20,0,20,0,20,0.0,0.0,0.0,999,0,0,0,,,,0,999,confined,,paddy_irrigation,11
distance_m+calendar_type+origin_month+storage_type,20,20,0,20,0,20,0.0,0.0,0.0,999,0,0,0,,,,0,999,leaky,,paddy_irrigation,11
distance_m+calendar_type+origin_month+storage_type,20,20,0,20,0,20,0.0,0.0,0.0,999,0,0,0,,,,0,999,unconfined,,paddy_irrigation,11
distance_m+calendar_type+origin_month+storage_type,20,20,0,20,0,20,0.0,0.0,0.0,999,0,0,0,,,,0,999,confined,,paddy_irrigation,12
distance_m+calendar_type+origin_month+storage_type,20,20,0,20,0,20,0.0,0.0,0.0,999,0,0,0,,,,0,999,leaky,,paddy_irrigation,12
distance_m+calendar_type+origin_month+storage_type,20,20,0,20,0,20,0.0,0.0,0.0,999,0,0,0,,,,0,999,unconfined,,paddy_irrigation,12
distance_m+calendar_type+origin_month+storage_type,20,20,0,20,0,20,0.0,0.0,0.0,999,0,0,0,,,,0,999,confined,,paddy_irrigation,2
distance_m+calendar_type+origin_month+storage_type,20,20,0,20,0,20,0.0,0.0,0.0,999,0,0,0,,,,0,999,leaky,,paddy_irrigation,2
distance_m+calendar_type+origin_month+storage_type,20,20,0,20,0,20,0.0,0.0,0.0,999,0,0,0,,,,0,999,unconfined,,paddy_irrigation,2
distance_m+calendar_type+origin_month+storage_type,20,20,0,20,0,20,0.0,0.0,0.0,999,0,0,0,,,,0,999,confined,,paddy_irrigation,3
distance_m+calendar_type+origin_month+storage_type,20,20,0,20,0,20,0.0,0.0,0.0,999,0,0,0,,,,0,999,leaky,,paddy_irrigation,3
distance_m+calendar_type+origin_month+storage_type,20,20,0,20,0,20,0.0,0.0,0.0,999,0,0,0,,,,0,999,unconfined,,paddy_irrigation,3
distance_m+calendar_type+origin_month+storage_type,20,20,0,20,0,20,0.0,0.0,0.0,999,0,0,0,,,,0,999,confined,,paddy_irrigation,4
distance_m+calendar_type+origin_month+storage_type,20,20,0,20,0,20,0.0,0.0,0.0,999,0,0,0,,,,0,999,leaky,,paddy_irrigation,4
distance_m+calendar_type+origin_month+storage_type,20,20,0,20,0,20,0.0,0.0,0.0,999,0,0,0,,,,0,999,unconfined,,paddy_irrigation,4
distance_m+calendar_type+origin_month+storage_type,20,20,16,4,16,20,0.8,0.5,1.0,999,0,16,16,1.0,1.0,1.0,999,0,confined,,paddy_irrigation,5
distance_m+calendar_type+origin_month+storage_type,20,20,16,4,16,20,0.8,0.5,1.0,999,0,16,16,1.0,1.0,1.0,999,0,leaky,,paddy_irrigation,5
distance_m+calendar_type+origin_month+storage_type,20,20,16,4,16,20,0.8,0.5,1.0,999,0,16,16,1.0,1.0,1.0,999,0,unconfined,,paddy_irrigation,5
distance_m+calendar_type+origin_month+storage_type,20,20,16,4,16,20,0.8,0.5,1.0,999,0,16,16,1.0,1.0,1.0,999,0,confined,,paddy_irrigation,6
distance_m+calendar_type+origin_month+storage_type,20,20,16,4,16,20,0.8,0.5,1.0,999,0,16,16,1.0,1.0,1.0,999,0,leaky,,paddy_irrigation,6
distance_m+calendar_type+origin_month+storage_type,20,20,16,4,16,20,0.8,0.5,1.0,999,0,16,16,1.0,1.0,1.0,999,0,unconfined,,paddy_irrigation,6
distance_m+calendar_type+origin_month+storage_type,20,20,12,8,12,20,0.6,0.3,0.9,999,0,12,12,1.0,1.0,1.0,999,0,confined,,paddy_irrigation,7
distance_m+calendar_type+origin_month+storage_type,20,20,12,8,12,20,0.6,0.3,0.9,999,0,12,12,1.0,1.0,1.0,999,0,leaky,,paddy_irrigation,7
distance_m+calendar_type+origin_month+storage_type,20,20,12,8,12,20,0.6,0.3,0.9,999,0,12,12,1.0,1.0,1.0,999,0,unconfined,,paddy_irrigation,7
distance_m+calendar_type+origin_month+storage_type,20,20,12,8,12,20,0.6,0.3,0.9,999,0,12,12,1.0,1.0,1.0,999,0,confined,,paddy_irrigation,8
distance_m+calendar_type+origin_month+storage_type,20,20,12,8,12,20,0.6,0.3,0.9,999,0,12,12,1.0,1.0,1.0,999,0,leaky,,paddy_irrigation,8
distance_m+calendar_type+origin_month+storage_type,20,20,12,8,12,20,0.6,0.3,0.9,999,0,12,12,1.0,1.0,1.0,999,0,unconfined,,paddy_irrigation,8
distance_m+calendar_type+origin_month+storage_type,20,20,0,20,0,20,0.0,0.0,0.0,999,0,0,0,,,,0,999,confined,,paddy_irrigation,9
distance_m+calendar_type+origin_month+storage_type,20,20,0,20,0,20,0.0,0.0,0.0,999,0,0,0,,,,0,999,leaky,,paddy_irrigation,9
distance_m+calendar_type+origin_month+storage_type,20,20,0,20,0,20,0.0,0.0,0.0,999,0,0,0,,,,0,999,unconfined,,paddy_irrigation,9
distance_m+calendar_type+origin_month+storage_type,20,20,16,4,16,20,0.8,0.6,1.0,999,0,16,16,1.0,1.0,1.0,999,0,confined,,water_curtain,1
distance_m+calendar_type+origin_month+storage_type,20,20,16,4,16,20,0.8,0.6,1.0,999,0,16,16,1.0,1.0,1.0,999,0,leaky,,water_curtain,1
distance_m+calendar_type+origin_month+storage_type,20,20,16,4,12,20,0.6,0.35,0.8,999,0,12,16,0.75,0.5625,0.9285714285714286,999,0,unconfined,,water_curtain,1
distance_m+calendar_type+origin_month+storage_type,20,20,6,14,6,20,0.3,0.0,0.6,999,0,6,6,1.0,1.0,1.0,969,30,confined,,water_curtain,10
distance_m+calendar_type+origin_month+storage_type,20,20,6,14,6,20,0.3,0.0,0.6,999,0,6,6,1.0,1.0,1.0,969,30,leaky,,water_curtain,10
distance_m+calendar_type+origin_month+storage_type,20,20,6,14,6,20,0.3,0.0,0.6,999,0,6,6,1.0,1.0,1.0,969,30,unconfined,,water_curtain,10
distance_m+calendar_type+origin_month+storage_type,20,20,16,4,16,20,0.8,0.5,1.0,999,0,16,16,1.0,1.0,1.0,999,0,confined,,water_curtain,11
distance_m+calendar_type+origin_month+storage_type,20,20,16,4,16,20,0.8,0.5,1.0,999,0,16,16,1.0,1.0,1.0,999,0,leaky,,water_curtain,11
distance_m+calendar_type+origin_month+storage_type,20,20,16,4,16,20,0.8,0.5,1.0,999,0,16,16,1.0,1.0,1.0,999,0,unconfined,,water_curtain,11
distance_m+calendar_type+origin_month+storage_type,20,20,14,6,14,20,0.7,0.4,1.0,999,0,14,14,1.0,1.0,1.0,999,0,confined,,water_curtain,12
distance_m+calendar_type+origin_month+storage_type,20,20,14,6,14,20,0.7,0.4,1.0,999,0,14,14,1.0,1.0,1.0,999,0,leaky,,water_curtain,12
distance_m+calendar_type+origin_month+storage_type,20,20,14,6,13,20,0.65,0.35,0.9,999,0,13,14,0.9285714285714286,0.75,1.0,999,0,unconfined,,water_curtain,12
distance_m+calendar_type+origin_month+storage_type,20,20,14,6,14,20,0.7,0.4,1.0,999,0,14,14,1.0,1.0,1.0,999,0,confined,,water_curtain,2
distance_m+calendar_type+origin_month+storage_type,20,20,14,6,14,20,0.7,0.4,1.0,999,0,14,14,1.0,1.0,1.0,999,0,leaky,,water_curtain,2
distance_m+calendar_type+origin_month+storage_type,20,20,14,6,11,20,0.55,0.3,0.8,999,0,11,14,0.7857142857142857,0.6105555555555556,1.0,999,0,unconfined,,water_curtain,2
distance_m+calendar_type+origin_month+storage_type,20,20,18,2,18,20,0.9,0.7,1.0,999,0,18,18,1.0,1.0,1.0,999,0,confined,,water_curtain,3
distance_m+calendar_type+origin_month+storage_type,20,20,18,2,18,20,0.9,0.7,1.0,999,0,18,18,1.0,1.0,1.0,999,0,leaky,,water_curtain,3
distance_m+calendar_type+origin_month+storage_type,20,20,18,2,17,20,0.85,0.65,1.0,999,0,17,18,0.9444444444444444,0.8125,1.0,999,0,unconfined,,water_curtain,3
distance_m+calendar_type+origin_month+storage_type,20,20,6,14,6,20,0.3,0.0,0.6,999,0,6,6,1.0,1.0,1.0,969,30,confined,,water_curtain,4
distance_m+calendar_type+origin_month+storage_type,20,20,6,14,6,20,0.3,0.0,0.6,999,0,6,6,1.0,1.0,1.0,969,30,leaky,,water_curtain,4
distance_m+calendar_type+origin_month+storage_type,20,20,6,14,5,20,0.25,0.0,0.5,999,0,5,6,0.8333333333333334,0.5,1.0,969,30,unconfined,,water_curtain,4
distance_m+calendar_type+origin_month+storage_type,20,20,6,14,6,20,0.3,0.0,0.6,999,0,6,6,1.0,1.0,1.0,969,30,confined,,water_curtain,5
distance_m+calendar_type+origin_month+storage_type,20,20,6,14,6,20,0.3,0.0,0.6,999,0,6,6,1.0,1.0,1.0,969,30,leaky,,water_curtain,5
distance_m+calendar_type+origin_month+storage_type,20,20,6,14,4,20,0.2,0.0,0.4,999,0,4,6,0.6666666666666666,0.5,1.0,969,30,unconfined,,water_curtain,5
distance_m+calendar_type+origin_month+storage_type,20,20,6,14,6,20,0.3,0.0,0.6,999,0,6,6,1.0,1.0,1.0,969,30,confined,,water_curtain,6
distance_m+calendar_type+origin_month+storage_type,20,20,6,14,6,20,0.3,0.0,0.6,999,0,6,6,1.0,1.0,1.0,969,30,leaky,,water_curtain,6
distance_m+calendar_type+origin_month+storage_type,20,20,6,14,6,20,0.3,0.0,0.6,999,0,6,6,1.0,1.0,1.0,969,30,unconfined,,water_curtain,6
distance_m+calendar_type+origin_month+storage_type,20,20,6,14,6,20,0.3,0.0,0.6,999,0,6,6,1.0,1.0,1.0,969,30,confined,,water_curtain,7
distance_m+calendar_type+origin_month+storage_type,20,20,6,14,6,20,0.3,0.0,0.6,999,0,6,6,1.0,1.0,1.0,969,30,leaky,,water_curtain,7
distance_m+calendar_type+origin_month+storage_type,20,20,6,14,6,20,0.3,0.0,0.6,999,0,6,6,1.0,1.0,1.0,969,30,unconfined,,water_curtain,7
distance_m+calendar_type+origin_month+storage_type,20,20,6,14,6,20,0.3,0.0,0.6,999,0,6,6,1.0,1.0,1.0,969,30,confined,,water_curtain,8
distance_m+calendar_type+origin_month+storage_type,20,20,6,14,6,20,0.3,0.0,0.6,999,0,6,6,1.0,1.0,1.0,969,30,leaky,,water_curtain,8
distance_m+calendar_type+origin_month+storage_type,20,20,6,14,5,20,0.25,0.0,0.55,999,0,5,6,0.8333333333333334,0.5,1.0,969,30,unconfined,,water_curtain,8
distance_m+calendar_type+origin_month+storage_type,20,20,6,14,6,20,0.3,0.0,0.6,999,0,6,6,1.0,1.0,1.0,969,30,confined,,water_curtain,9
distance_m+calendar_type+origin_month+storage_type,20,20,6,14,6,20,0.3,0.0,0.6,999,0,6,6,1.0,1.0,1.0,969,30,leaky,,water_curtain,9
distance_m+calendar_type+origin_month+storage_type,20,20,6,14,5,20,0.25,0.0,0.55,999,0,5,6,0.8333333333333334,0.5,1.0,969,30,unconfined,,water_curtain,9
distance_m+calendar_type+origin_month+storage_type,200,20,20,0,16,20,0.8,0.65,0.95,999,0,16,20,0.8,0.65,0.95,999,0,confined,,domestic_continuous,1
distance_m+calendar_type+origin_month+storage_type,200,20,20,0,10,20,0.5,0.5,0.5,999,0,10,20,0.5,0.5,0.5,999,0,leaky,,domestic_continuous,1
distance_m+calendar_type+origin_month+storage_type,200,20,20,0,0,20,0.0,0.0,0.0,999,0,0,20,0.0,0.0,0.0,999,0,unconfined,,domestic_continuous,1
distance_m+calendar_type+origin_month+storage_type,200,20,20,0,16,20,0.8,0.65,0.95,999,0,16,20,0.8,0.65,0.95,999,0,confined,,domestic_continuous,10
distance_m+calendar_type+origin_month+storage_type,200,20,20,0,10,20,0.5,0.5,0.5,999,0,10,20,0.5,0.5,0.5,999,0,leaky,,domestic_continuous,10
distance_m+calendar_type+origin_month+storage_type,200,20,20,0,0,20,0.0,0.0,0.0,999,0,0,20,0.0,0.0,0.0,999,0,unconfined,,domestic_continuous,10
distance_m+calendar_type+origin_month+storage_type,200,20,20,0,18,20,0.9,0.75,1.0,999,0,18,20,0.9,0.75,1.0,999,0,confined,,domestic_continuous,11
distance_m+calendar_type+origin_month+storage_type,200,20,20,0,12,20,0.6,0.5,0.75,999,0,12,20,0.6,0.5,0.75,999,0,leaky,,domestic_continuous,11
distance_m+calendar_type+origin_month+storage_type,200,20,20,0,0,20,0.0,0.0,0.0,999,0,0,20,0.0,0.0,0.0,999,0,unconfined,,domestic_continuous,11
distance_m+calendar_type+origin_month+storage_type,200,20,20,0,14,20,0.7,0.55,0.85,999,0,14,20,0.7,0.55,0.85,999,0,confined,,domestic_continuous,12
distance_m+calendar_type+origin_month+storage_type,200,20,20,0,10,20,0.5,0.5,0.5,999,0,10,20,0.5,0.5,0.5,999,0,leaky,,domestic_continuous,12
distance_m+calendar_type+origin_month+storage_type,200,20,20,0,0,20,0.0,0.0,0.0,999,0,0,20,0.0,0.0,0.0,999,0,unconfined,,domestic_continuous,12
distance_m+calendar_type+origin_month+storage_type,200,20,20,0,16,20,0.8,0.65,0.95,999,0,16,20,0.8,0.65,0.95,999,0,confined,,domestic_continuous,2
distance_m+calendar_type+origin_month+storage_type,200,20,20,0,11,20,0.55,0.5,0.65,999,0,11,20,0.55,0.5,0.65,999,0,leaky,,domestic_continuous,2
distance_m+calendar_type+origin_month+storage_type,200,20,20,0,0,20,0.0,0.0,0.0,999,0,0,20,0.0,0.0,0.0,999,0,unconfined,,domestic_continuous,2
distance_m+calendar_type+origin_month+storage_type,200,20,18,2,13,20,0.65,0.45,0.85,999,0,13,18,0.7222222222222222,0.5625,0.8888888888888888,999,0,confined,,domestic_continuous,3
distance_m+calendar_type+origin_month+storage_type,200,20,18,2,10,20,0.5,0.35,0.65,999,0,10,18,0.5555555555555556,0.5,0.6666666666666666,999,0,leaky,,domestic_continuous,3
distance_m+calendar_type+origin_month+storage_type,200,20,18,2,0,20,0.0,0.0,0.0,999,0,0,18,0.0,0.0,0.0,999,0,unconfined,,domestic_continuous,3
distance_m+calendar_type+origin_month+storage_type,200,20,20,0,15,20,0.75,0.6,0.9,999,0,15,20,0.75,0.6,0.9,999,0,confined,,domestic_continuous,4
distance_m+calendar_type+origin_month+storage_type,200,20,20,0,11,20,0.55,0.5,0.65,999,0,11,20,0.55,0.5,0.65,999,0,leaky,,domestic_continuous,4
distance_m+calendar_type+origin_month+storage_type,200,20,20,0,0,20,0.0,0.0,0.0,999,0,0,20,0.0,0.0,0.0,999,0,unconfined,,domestic_continuous,4
distance_m+calendar_type+origin_month+storage_type,200,20,20,0,15,20,0.75,0.6,0.9,999,0,15,20,0.75,0.6,0.9,999,0,confined,,domestic_continuous,5
distance_m+calendar_type+origin_month+storage_type,200,20,20,0,10,20,0.5,0.5,0.5,999,0,10,20,0.5,0.5,0.5,999,0,leaky,,domestic_continuous,5
distance_m+calendar_type+origin_month+storage_type,200,20,20,0,0,20,0.0,0.0,0.0,999,0,0,20,0.0,0.0,0.0,999,0,unconfined,,domestic_continuous,5
distance_m+calendar_type+origin_month+storage_type,200,20,20,0,16,20,0.8,0.65,0.95,999,0,16,20,0.8,0.65,0.95,999,0,confined,,domestic_continuous,6
distance_m+calendar_type+origin_month+storage_type,200,20,20,0,11,20,0.55,0.5,0.65,999,0,11,20,0.55,0.5,0.65,999,0,leaky,,domestic_continuous,6
distance_m+calendar_type+origin_month+storage_type,200,20,20,0,0,20,0.0,0.0,0.0,999,0,0,20,0.0,0.0,0.0,999,0,unconfined,,domestic_continuous,6
distance_m+calendar_type+origin_month+storage_type,200,20,20,0,14,20,0.7,0.55,0.85,999,0,14,20,0.7,0.55,0.85,999,0,confined,,domestic_continuous,7
distance_m+calendar_type+origin_month+storage_type,200,20,20,0,11,20,0.55,0.5,0.65,999,0,11,20,0.55,0.5,0.65,999,0,leaky,,domestic_continuous,7
distance_m+calendar_type+origin_month+storage_type,200,20,20,0,0,20,0.0,0.0,0.0,999,0,0,20,0.0,0.0,0.0,999,0,unconfined,,domestic_continuous,7
distance_m+calendar_type+origin_month+storage_type,200,20,20,0,15,20,0.75,0.6,0.9,999,0,15,20,0.75,0.6,0.9,999,0,confined,,domestic_continuous,8
distance_m+calendar_type+origin_month+storage_type,200,20,20,0,12,20,0.6,0.5,0.75,999,0,12,20,0.6,0.5,0.75,999,0,leaky,,domestic_continuous,8
distance_m+calendar_type+origin_month+storage_type,200,20,20,0,0,20,0.0,0.0,0.0,999,0,0,20,0.0,0.0,0.0,999,0,unconfined,,domestic_continuous,8
distance_m+calendar_type+origin_month+storage_type,200,20,20,0,15,20,0.75,0.6,0.9,999,0,15,20,0.75,0.6,0.9,999,0,confined,,domestic_continuous,9
distance_m+calendar_type+origin_month+storage_type,200,20,20,0,12,20,0.6,0.5,0.75,999,0,12,20,0.6,0.5,0.75,999,0,leaky,,domestic_continuous,9
distance_m+calendar_type+origin_month+storage_type,200,20,20,0,0,20,0.0,0.0,0.0,999,0,0,20,0.0,0.0,0.0,999,0,unconfined,,domestic_continuous,9
distance_m+calendar_type+origin_month+storage_type,200,20,0,20,0,20,0.0,0.0,0.0,999,0,0,0,,,,0,999,confined,,paddy_irrigation,1
distance_m+calendar_type+origin_month+storage_type,200,20,0,20,0,20,0.0,0.0,0.0,999,0,0,0,,,,0,999,leaky,,paddy_irrigation,1
distance_m+calendar_type+origin_month+storage_type,200,20,0,20,0,20,0.0,0.0,0.0,999,0,0,0,,,,0,999,unconfined,,paddy_irrigation,1
distance_m+calendar_type+origin_month+storage_type,200,20,0,20,0,20,0.0,0.0,0.0,999,0,0,0,,,,0,999,confined,,paddy_irrigation,10
distance_m+calendar_type+origin_month+storage_type,200,20,0,20,0,20,0.0,0.0,0.0,999,0,0,0,,,,0,999,leaky,,paddy_irrigation,10
distance_m+calendar_type+origin_month+storage_type,200,20,0,20,0,20,0.0,0.0,0.0,999,0,0,0,,,,0,999,unconfined,,paddy_irrigation,10
distance_m+calendar_type+origin_month+storage_type,200,20,0,20,0,20,0.0,0.0,0.0,999,0,0,0,,,,0,999,confined,,paddy_irrigation,11
distance_m+calendar_type+origin_month+storage_type,200,20,0,20,0,20,0.0,0.0,0.0,999,0,0,0,,,,0,999,leaky,,paddy_irrigation,11
distance_m+calendar_type+origin_month+storage_type,200,20,0,20,0,20,0.0,0.0,0.0,999,0,0,0,,,,0,999,unconfined,,paddy_irrigation,11
distance_m+calendar_type+origin_month+storage_type,200,20,0,20,0,20,0.0,0.0,0.0,999,0,0,0,,,,0,999,confined,,paddy_irrigation,12
distance_m+calendar_type+origin_month+storage_type,200,20,0,20,0,20,0.0,0.0,0.0,999,0,0,0,,,,0,999,leaky,,paddy_irrigation,12
distance_m+calendar_type+origin_month+storage_type,200,20,0,20,0,20,0.0,0.0,0.0,999,0,0,0,,,,0,999,unconfined,,paddy_irrigation,12
distance_m+calendar_type+origin_month+storage_type,200,20,0,20,0,20,0.0,0.0,0.0,999,0,0,0,,,,0,999,confined,,paddy_irrigation,2
distance_m+calendar_type+origin_month+storage_type,200,20,0,20,0,20,0.0,0.0,0.0,999,0,0,0,,,,0,999,leaky,,paddy_irrigation,2
distance_m+calendar_type+origin_month+storage_type,200,20,0,20,0,20,0.0,0.0,0.0,999,0,0,0,,,,0,999,unconfined,,paddy_irrigation,2
distance_m+calendar_type+origin_month+storage_type,200,20,0,20,0,20,0.0,0.0,0.0,999,0,0,0,,,,0,999,confined,,paddy_irrigation,3
distance_m+calendar_type+origin_month+storage_type,200,20,0,20,0,20,0.0,0.0,0.0,999,0,0,0,,,,0,999,leaky,,paddy_irrigation,3
distance_m+calendar_type+origin_month+storage_type,200,20,0,20,0,20,0.0,0.0,0.0,999,0,0,0,,,,0,999,unconfined,,paddy_irrigation,3
distance_m+calendar_type+origin_month+storage_type,200,20,0,20,0,20,0.0,0.0,0.0,999,0,0,0,,,,0,999,confined,,paddy_irrigation,4
distance_m+calendar_type+origin_month+storage_type,200,20,0,20,0,20,0.0,0.0,0.0,999,0,0,0,,,,0,999,leaky,,paddy_irrigation,4
distance_m+calendar_type+origin_month+storage_type,200,20,0,20,0,20,0.0,0.0,0.0,999,0,0,0,,,,0,999,unconfined,,paddy_irrigation,4
distance_m+calendar_type+origin_month+storage_type,200,20,16,4,16,20,0.8,0.5,1.0,999,0,16,16,1.0,1.0,1.0,999,0,confined,,paddy_irrigation,5
distance_m+calendar_type+origin_month+storage_type,200,20,16,4,16,20,0.8,0.5,1.0,999,0,16,16,1.0,1.0,1.0,999,0,leaky,,paddy_irrigation,5
distance_m+calendar_type+origin_month+storage_type,200,20,16,4,2,20,0.1,0.0,0.25,999,0,2,16,0.125,0.0,0.3006249999999994,999,0,unconfined,,paddy_irrigation,5
distance_m+calendar_type+origin_month+storage_type,200,20,16,4,16,20,0.8,0.5,1.0,999,0,16,16,1.0,1.0,1.0,999,0,confined,,paddy_irrigation,6
distance_m+calendar_type+origin_month+storage_type,200,20,16,4,16,20,0.8,0.5,1.0,999,0,16,16,1.0,1.0,1.0,999,0,leaky,,paddy_irrigation,6
distance_m+calendar_type+origin_month+storage_type,200,20,16,4,3,20,0.15,0.0,0.3,999,0,3,16,0.1875,0.0,0.35803571428571346,999,0,unconfined,,paddy_irrigation,6
distance_m+calendar_type+origin_month+storage_type,200,20,12,8,12,20,0.6,0.3,0.9,999,0,12,12,1.0,1.0,1.0,999,0,confined,,paddy_irrigation,7
distance_m+calendar_type+origin_month+storage_type,200,20,12,8,12,20,0.6,0.3,0.9,999,0,12,12,1.0,1.0,1.0,999,0,leaky,,paddy_irrigation,7
distance_m+calendar_type+origin_month+storage_type,200,20,12,8,3,20,0.15,0.05,0.3,999,0,3,12,0.25,0.0625,0.5,999,0,unconfined,,paddy_irrigation,7
distance_m+calendar_type+origin_month+storage_type,200,20,12,8,12,20,0.6,0.3,0.9,999,0,12,12,1.0,1.0,1.0,999,0,confined,,paddy_irrigation,8
distance_m+calendar_type+origin_month+storage_type,200,20,12,8,12,20,0.6,0.3,0.9,999,0,12,12,1.0,1.0,1.0,999,0,leaky,,paddy_irrigation,8
distance_m+calendar_type+origin_month+storage_type,200,20,12,8,5,20,0.25,0.047500000000000146,0.5,999,0,5,12,0.4166666666666667,0.06785714285714306,0.8,999,0,unconfined,,paddy_irrigation,8
distance_m+calendar_type+origin_month+storage_type,200,20,0,20,0,20,0.0,0.0,0.0,999,0,0,0,,,,0,999,confined,,paddy_irrigation,9
distance_m+calendar_type+origin_month+storage_type,200,20,0,20,0,20,0.0,0.0,0.0,999,0,0,0,,,,0,999,leaky,,paddy_irrigation,9
distance_m+calendar_type+origin_month+storage_type,200,20,0,20,0,20,0.0,0.0,0.0,999,0,0,0,,,,0,999,unconfined,,paddy_irrigation,9
distance_m+calendar_type+origin_month+storage_type,200,20,16,4,16,20,0.8,0.6,1.0,999,0,16,16,1.0,1.0,1.0,999,0,confined,,water_curtain,1
distance_m+calendar_type+origin_month+storage_type,200,20,16,4,14,20,0.7,0.45,0.95,999,0,14,16,0.875,0.7,1.0,999,0,leaky,,water_curtain,1
distance_m+calendar_type+origin_month+storage_type,200,20,16,4,0,20,0.0,0.0,0.0,999,0,0,16,0.0,0.0,0.0,999,0,unconfined,,water_curtain,1
distance_m+calendar_type+origin_month+storage_type,200,20,6,14,6,20,0.3,0.0,0.6,999,0,6,6,1.0,1.0,1.0,969,30,confined,,water_curtain,10
distance_m+calendar_type+origin_month+storage_type,200,20,6,14,6,20,0.3,0.0,0.6,999,0,6,6,1.0,1.0,1.0,969,30,leaky,,water_curtain,10
distance_m+calendar_type+origin_month+storage_type,200,20,6,14,0,20,0.0,0.0,0.0,999,0,0,6,0.0,0.0,0.0,969,30,unconfined,,water_curtain,10
distance_m+calendar_type+origin_month+storage_type,200,20,16,4,16,20,0.8,0.5,1.0,999,0,16,16,1.0,1.0,1.0,999,0,confined,,water_curtain,11
distance_m+calendar_type+origin_month+storage_type,200,20,16,4,16,20,0.8,0.5,1.0,999,0,16,16,1.0,1.0,1.0,999,0,leaky,,water_curtain,11
distance_m+calendar_type+origin_month+storage_type,200,20,16,4,0,20,0.0,0.0,0.0,999,0,0,16,0.0,0.0,0.0,999,0,unconfined,,water_curtain,11
distance_m+calendar_type+origin_month+storage_type,200,20,14,6,14,20,0.7,0.4,1.0,999,0,14,14,1.0,1.0,1.0,999,0,confined,,water_curtain,12
distance_m+calendar_type+origin_month+storage_type,200,20,14,6,14,20,0.7,0.4,1.0,999,0,14,14,1.0,1.0,1.0,999,0,leaky,,water_curtain,12
distance_m+calendar_type+origin_month+storage_type,200,20,14,6,0,20,0.0,0.0,0.0,999,0,0,14,0.0,0.0,0.0,999,0,unconfined,,water_curtain,12
distance_m+calendar_type+origin_month+storage_type,200,20,14,6,14,20,0.7,0.4,1.0,999,0,14,14,1.0,1.0,1.0,999,0,confined,,water_curtain,2
distance_m+calendar_type+origin_month+storage_type,200,20,14,6,13,20,0.65,0.4,0.9,999,0,13,14,0.9285714285714286,0.7857142857142857,1.0,999,0,leaky,,water_curtain,2
distance_m+calendar_type+origin_month+storage_type,200,20,14,6,0,20,0.0,0.0,0.0,999,0,0,14,0.0,0.0,0.0,999,0,unconfined,,water_curtain,2
distance_m+calendar_type+origin_month+storage_type,200,20,18,2,18,20,0.9,0.7,1.0,999,0,18,18,1.0,1.0,1.0,999,0,confined,,water_curtain,3
distance_m+calendar_type+origin_month+storage_type,200,20,18,2,18,20,0.9,0.7,1.0,999,0,18,18,1.0,1.0,1.0,999,0,leaky,,water_curtain,3
distance_m+calendar_type+origin_month+storage_type,200,20,18,2,0,20,0.0,0.0,0.0,999,0,0,18,0.0,0.0,0.0,999,0,unconfined,,water_curtain,3
distance_m+calendar_type+origin_month+storage_type,200,20,6,14,6,20,0.3,0.0,0.6,999,0,6,6,1.0,1.0,1.0,969,30,confined,,water_curtain,4
distance_m+calendar_type+origin_month+storage_type,200,20,6,14,5,20,0.25,0.0,0.5,999,0,5,6,0.8333333333333334,0.5,1.0,969,30,leaky,,water_curtain,4
distance_m+calendar_type+origin_month+storage_type,200,20,6,14,0,20,0.0,0.0,0.0,999,0,0,6,0.0,0.0,0.0,969,30,unconfined,,water_curtain,4
distance_m+calendar_type+origin_month+storage_type,200,20,6,14,6,20,0.3,0.0,0.6,999,0,6,6,1.0,1.0,1.0,969,30,confined,,water_curtain,5
distance_m+calendar_type+origin_month+storage_type,200,20,6,14,5,20,0.25,0.0,0.55,999,0,5,6,0.8333333333333334,0.5,1.0,969,30,leaky,,water_curtain,5
distance_m+calendar_type+origin_month+storage_type,200,20,6,14,0,20,0.0,0.0,0.0,999,0,0,6,0.0,0.0,0.0,969,30,unconfined,,water_curtain,5
distance_m+calendar_type+origin_month+storage_type,200,20,6,14,6,20,0.3,0.0,0.6,999,0,6,6,1.0,1.0,1.0,969,30,confined,,water_curtain,6
distance_m+calendar_type+origin_month+storage_type,200,20,6,14,6,20,0.3,0.0,0.6,999,0,6,6,1.0,1.0,1.0,969,30,leaky,,water_curtain,6
distance_m+calendar_type+origin_month+storage_type,200,20,6,14,0,20,0.0,0.0,0.0,999,0,0,6,0.0,0.0,0.0,969,30,unconfined,,water_curtain,6
distance_m+calendar_type+origin_month+storage_type,200,20,6,14,6,20,0.3,0.0,0.6,999,0,6,6,1.0,1.0,1.0,969,30,confined,,water_curtain,7
distance_m+calendar_type+origin_month+storage_type,200,20,6,14,6,20,0.3,0.0,0.6,999,0,6,6,1.0,1.0,1.0,969,30,leaky,,water_curtain,7
distance_m+calendar_type+origin_month+storage_type,200,20,6,14,0,20,0.0,0.0,0.0,999,0,0,6,0.0,0.0,0.0,969,30,unconfined,,water_curtain,7
distance_m+calendar_type+origin_month+storage_type,200,20,6,14,6,20,0.3,0.0,0.6,999,0,6,6,1.0,1.0,1.0,969,30,confined,,water_curtain,8
distance_m+calendar_type+origin_month+storage_type,200,20,6,14,5,20,0.25,0.0,0.55,999,0,5,6,0.8333333333333334,0.5,1.0,969,30,leaky,,water_curtain,8
distance_m+calendar_type+origin_month+storage_type,200,20,6,14,0,20,0.0,0.0,0.0,999,0,0,6,0.0,0.0,0.0,969,30,unconfined,,water_curtain,8
distance_m+calendar_type+origin_month+storage_type,200,20,6,14,6,20,0.3,0.0,0.6,999,0,6,6,1.0,1.0,1.0,969,30,confined,,water_curtain,9
distance_m+calendar_type+origin_month+storage_type,200,20,6,14,5,20,0.25,0.0,0.55,999,0,5,6,0.8333333333333334,0.5,1.0,969,30,leaky,,water_curtain,9
distance_m+calendar_type+origin_month+storage_type,200,20,6,14,0,20,0.0,0.0,0.0,999,0,0,6,0.0,0.0,0.0,969,30,unconfined,,water_curtain,9
