scope,record_set,distance_m,pair_id,lead_day,active,detected,engine_impossible_numerator,engine_impossible_denominator,engine_impossible_rate,engine_impossible_ci_low,engine_impossible_ci_high,engine_impossible_bootstrap_identified,engine_impossible_bootstrap_missing,reference_impossible_numerator,reference_impossible_denominator,reference_impossible_rate,reference_impossible_ci_low,reference_impossible_ci_high,reference_impossible_bootstrap_identified,reference_impossible_bootstrap_missing,engine_zero,engine_missing,engine_ratio_min,engine_ratio_median,engine_ratio_max,engine_ratio_mean,reference_ratio_min,reference_ratio_median,reference_ratio_max,reference_ratio_mean
all_existing,D08_W50_control,20,P1_continue_vs_stop,10,50,46,0,46,0.0,0.0,0.0,999,0,0,0,,,,0,999,0,0,0.13189361433655045,0.9264207139730747,1.6004439383105493,0.9257068853573933,,,,
all_existing,D08_W50_control,20,P1_continue_vs_stop,30,50,46,4,46,0.08695652173913043,0.0,0.21299722479185917,999,0,0,0,,,,0,999,0,0,-0.4914802878625816,0.9592944727200479,2.4911070018606414,0.9375841034704706,,,,
all_existing,D08_W50_control,20,P2_current_vs_1p5x,10,50,46,3,46,0.06521739130434782,0.0,0.13348484848484835,999,0,0,0,,,,0,999,0,0,-0.488854793003003,0.3951892805095309,1.2070402313067388,0.4550017446235262,,,,
all_existing,D08_W50_control,20,P2_current_vs_1p5x,30,50,46,5,46,0.10869565217391304,0.0,0.23255813953488372,999,0,0,0,,,,0,999,0,0,-1.6473373899963015,0.3693322355380948,1.7934890308307674,0.47568911476045295,,,,
all_existing,D08_W50_range,20,P1_continue_vs_stop,10,50,45,0,45,0.0,0.0,0.0,999,0,0,0,,,,0,999,0,0,0.10678072097252551,0.9448042188269147,1.6146612114562222,0.9354248727609108,,,,
all_existing,D08_W50_range,20,P1_continue_vs_stop,30,50,45,4,45,0.08888888888888889,0.0,0.21763285024154566,999,0,0,0,,,,0,999,0,0,-0.3712228335636285,0.9986798580832003,2.6087323514920926,0.9570167305588573,,,,
all_existing,D08_W50_range,20,P2_current_vs_1p5x,10,50,45,1,45,0.022222222222222223,0.0,0.07142857142857142,999,0,0,0,,,,0,999,0,0,-0.31951316078225633,0.8954759966074127,1.6521682421567232,0.8456310243894146,,,,
all_existing,D08_W50_range,20,P2_current_vs_1p5x,30,50,45,3,45,0.06666666666666667,0.0,0.13636363636363635,999,0,0,0,,,,0,999,0,0,-1.5794440749273115,0.9575320387226276,1.883787201140499,0.8437995499669949,,,,
all_existing,D08_W50_stop_control,20,P1_continue_vs_stop,10,50,46,2,46,0.043478260869565216,0.0,0.13043478260869565,999,0,0,0,,,,0,999,0,0,-0.1788215466204047,0.9336843072260228,1.6301471587353522,0.9194128040094828,,,,
all_existing,D08_W50_stop_control,20,P1_continue_vs_stop,30,50,46,3,46,0.06521739130434782,0.0,0.15555555555555556,999,0,0,0,,,,0,999,0,0,-1.1205282270999342,1.0564875787965635,2.5903269547583667,0.9678458584779674,,,,
all_existing,D08_W50_stop_control,20,P2_current_vs_1p5x,10,50,46,3,46,0.06521739130434782,0.0,0.16666666666666666,999,0,0,0,,,,0,999,0,0,-1.0994055024234552,0.33950235477886404,1.2250361638349292,0.36520511183371673,,,,
all_existing,D08_W50_stop_control,20,P2_current_vs_1p5x,30,50,46,6,46,0.13043478260869565,0.0,0.279246713852376,999,0,0,0,,,,0,999,0,0,-2.9918449746660274,0.3309030835392329,2.380104995381315,0.43839354247971934,,,,
all_existing,calendar200m,200,P1_continue_vs_stop,10,1242,671,9,671,0.013412816691505217,0.005714285714285714,0.021677869051303714,999,0,0,671,0.0,0.0,0.0,999,0,0,0,-2.444270429728939,0.863013196050035,3.3740119278544847,0.86664187555121,4.230507497226247e-92,1.0039037667745145,3.640052650995451,1.022361414802107
all_existing,calendar200m,200,P1_continue_vs_stop,30,1242,671,39,671,0.05812220566318927,0.011848360879288714,0.11066734840737795,999,0,0,671,0.0,0.0,0.0,999,0,0,0,-5.295301873278337,0.9110858932358301,9.059335712444318,0.9551925328866033,3.5211599246260635e-29,1.0053328700510618,2.1086443475522976,1.0270655445674999
all_existing,calendar200m,200,P2_current_vs_1p5x,10,1242,671,125,671,0.18628912071535023,0.13342765307324486,0.2379131547452318,999,0,0,671,0.0,0.0,0.0,999,0,0,0,-2.6820899244644525,0.14443727588405472,2.5175530035758085,0.28884352699604554,4.230507497226203e-92,1.0039037667745154,3.6400526509954134,1.0223614148021063
all_existing,calendar200m,200,P2_current_vs_1p5x,30,1242,671,122,671,0.18181818181818182,0.11542726270933934,0.25072995736261044,999,0,0,671,0.0,0.0,0.0,999,0,0,0,-13.049183840103934,0.21658057052329832,6.771908644377192,0.3303438847336749,3.5211599246260635e-29,1.0053328700510622,2.1086443475523082,1.0270655445674997
all_existing,calendar20m,20,P1_continue_vs_stop,10,1242,1073,1,1073,0.0009319664492078285,0.0,0.002737226277372263,999,0,0,1073,0.0,0.0,0.0,999,0,0,0,-0.13142335959178852,0.8874389402911068,2.925656292227393,0.8823924406231091,0.7970445586903181,1.0021890850306288,1.5672172191319567,1.0061151243586428
all_existing,calendar20m,20,P1_continue_vs_stop,30,1242,1073,49,1073,0.045666356011183594,0.004570175218919303,0.09626408440180519,999,0,0,1073,0.0,0.0,0.0,999,0,0,0,-4.886385091088484,0.9326902105982275,9.059335712444318,0.9441649540201774,0.7080956107233813,1.0034617926864837,1.8239583252634395,1.0215824649622185
all_existing,calendar20m,20,P2_current_vs_1p5x,10,1242,1073,208,1073,0.19384902143522834,0.13900513302770268,0.24326797896162056,999,0,0,1073,0.0,0.0,0.0,999,0,0,0,-2.6820899244644525,0.11530093922536672,1.8069036116059558,0.25213435191992073,0.797044558690317,1.0021890850306272,1.5672172191319547,1.0061151243586424
all_existing,calendar20m,20,P2_current_vs_1p5x,30,1242,1073,191,1073,0.17800559179869524,0.11399507153137474,0.23980435499749336,999,0,0,1073,0.0,0.0,0.0,999,0,0,0,-13.049183840103934,0.1760813821199554,6.66828853008693,0.27641680737300667,0.7080956107233818,1.0034617926864826,1.8239583252634417,1.0215824649622183
all_existing,design,200,P1_continue_vs_stop,10,1230,925,65,925,0.07027027027027027,0.03597328244274809,0.10503751339764202,999,0,0,925,0.0,0.0,0.0,999,0,0,0,-4.655905236358249,0.7276306021497564,3.6474226404837142,0.6242526449687532,0.23454830249462202,1.007130134793532,4.301382821570509,1.074251382469242
all_existing,design,200,P1_continue_vs_stop,30,1230,925,103,925,0.11135135135135135,0.06763112102347923,0.16308354155196994,999,0,0,925,0.0,0.0,0.0,999,0,0,0,-2.71301540330602,0.8043992685721394,3.3130616837286717,0.6625453045489806,0.6985780855967073,1.0131121544495307,1.9301564552993022,1.042501610825323
all_existing,design,200,P2_current_vs_1p5x,10,1230,925,67,925,0.07243243243243243,0.025183452178483445,0.12384561204869098,999,0,0,925,0.0,0.0,0.0,999,0,0,0,-2.3026904911403787,0.7855851577454801,5.7996466377032645,0.688443807805206,0.23454830249462202,1.0071301347935329,4.301382821570452,1.074251382469242
all_existing,design,200,P2_current_vs_1p5x,30,1230,925,74,925,0.08,0.021048204378431242,0.15163888888888885,999,0,0,925,0.0,0.0,0.0,999,0,0,0,-2.8280952728594477,0.8553677068900829,3.761936044721353,0.772707865655293,0.6985780855967082,1.0131121544495303,1.9301564552993102,1.0425016108253229
all_existing,map,200,P1_continue_vs_stop,10,720,478,35,478,0.07322175732217573,0.04829919467787115,0.09897751510842516,999,0,0,478,0.0,0.0,0.0,999,0,0,0,-2.7495201978887787,0.7029435460252005,1.6880352931821994,0.5964106819040593,0.27507157898030754,1.0052086387623445,3.71080313362994,1.050108520974401
all_existing,map,200,P1_continue_vs_stop,30,720,478,50,478,0.10460251046025104,0.05956184637576632,0.16001603206412823,999,0,0,478,0.0,0.0,0.0,999,0,0,0,-1.2893528491370663,0.788571567839548,2.857296350566808,0.672087775127915,0.510145641688616,1.0126417927939466,1.9084178134994085,1.0312518393401977
all_existing,map,200,P2_current_vs_1p5x,10,720,478,30,478,0.06276150627615062,0.020957809224318658,0.11499782216414658,999,0,0,478,0.0,0.0,0.0,999,0,0,0,-1.633188111024946,0.7900035943068582,2.7172563726685026,0.6712175655092051,0.2750715789803219,1.005208638762345,3.7108031336300042,1.0501085209744012
all_existing,map,200,P2_current_vs_1p5x,30,720,478,25,478,0.05230125523012552,0.008280717964512432,0.1138834480210991,999,0,0,478,0.0,0.0,0.0,999,0,0,0,-2.45912739054153,0.8616002211458951,2.600311747646377,0.7769695590501163,0.5101456416886132,1.0126417927939468,1.9084178134994085,1.0312518393401977
map1260,,200,P1_continue_vs_stop,10,1260,861,68,861,0.07897793263646923,0.047732558139534885,0.1116283343767128,999,0,0,861,0.0,0.0,0.0,999,0,0,0,-4.655905236358249,0.7141453407590328,3.2696110066097472,0.5935516500743823,0.23454830249462202,1.005154693926966,3.71080313362994,1.0541229729031816
map1260,,200,P1_continue_vs_stop,30,1260,861,99,861,0.11498257839721254,0.07129065833983868,0.16817474438985525,999,0,0,861,0.0,0.0,0.0,999,0,0,0,-2.71301540330602,0.7981420381478289,3.3130616837286717,0.6559235850238061,0.510145641688616,1.012535461584154,1.9084178134994085,1.034178027427232
map1260,,200,P2_current_vs_1p5x,10,1260,861,62,861,0.07200929152148665,0.024006728439878947,0.12726777175809065,999,0,0,861,0.0,0.0,0.0,999,0,0,0,-1.633188111024946,0.7900997536064505,5.7996466377032645,0.6711079677202094,0.23454830249462202,1.005154693926966,3.7108031336300042,1.054122972903182
map1260,,200,P2_current_vs_1p5x,30,1260,861,60,861,0.06968641114982578,0.01405152224824356,0.14270221787345075,999,0,0,861,0.0,0.0,0.0,999,0,0,0,-2.45912739054153,0.8551408249361524,2.600311747646377,0.7591069199007442,0.5101456416886132,1.0125354615841529,1.9084178134994085,1.034178027427232
