cohort,n,contributing_realization_count,station_count,metric,median,ci95_lower,ci95_upper,n_identified,n_unidentified,interval_status,positive_count,zero_count,negative_count,positive_fraction,interval_origin,q10,q25,q50,q75,q90
full1242,1242,10,3,range_minus_control_paired_contrast,0.5555068788227568,0.45099500763477546,0.6749278265757389,999,0,conditional_on_identified_replicates,1116,0,126,0.8985507246376812,new_missing_cohort_calculation,-0.0008639166101825782,0.11565307059542937,0.5555068788227568,0.9167482915366206,1.1045259881137865
full1242,1242,10,3,range_paired_ratio_change,0.6334140510577598,0.5632525201528775,0.7251027302404667,999,0,conditional_on_identified_replicates,1134,0,108,0.9130434782608695,new_missing_cohort_calculation,0.022591213465182784,0.2684588539368338,0.6334140510577598,0.9479066348439806,1.179562879758063
full1242,1242,10,3,control_paired_ratio_change,0.0,0.0,0.0,999,0,conditional_on_identified_replicates,367,702,173,0.29549114331723025,new_missing_cohort_calculation,-0.012025311749709913,0.0,0.0,0.020902484231372233,0.3551258423838072
domestic714,714,10,3,range_minus_control_paired_contrast,0.8552855970174951,0.7641472536170251,0.9202692089793357,999,0,conditional_on_identified_replicates,685,0,29,0.9593837535014006,new_missing_cohort_calculation,0.25451202370161957,0.6102520838555324,0.8552855970174951,1.0213650216118741,1.2184321202075918
domestic714,714,10,3,range_paired_ratio_change,0.8552855970174951,0.7623186370832657,0.9202692089793357,999,0,conditional_on_identified_replicates,685,0,29,0.9593837535014006,new_missing_cohort_calculation,0.25451202370161957,0.607107681714449,0.8552855970174951,1.022129610001492,1.2184321202075918
domestic714,714,10,3,control_paired_ratio_change,0.0,0.0,0.0,999,0,conditional_on_identified_replicates,4,696,14,0.0056022408963585435,new_missing_cohort_calculation,0.0,0.0,0.0,0.0,0.0
paddy168,168,10,3,range_minus_control_paired_contrast,0.4225355514693327,0.3416959361417747,0.5060027619419316,999,0,conditional_on_identified_replicates,160,0,8,0.9523809523809523,reused_first_batch_B01,0.11718617634902947,0.22516690059367056,0.4225355514693327,0.7160577399408812,0.9544893217825948
paddy168,168,10,3,range_paired_ratio_change,0.42962440616998177,0.3486349039456218,0.5230382583732756,999,0,conditional_on_identified_replicates,162,0,6,0.9642857142857143,reused_first_batch_B01,0.11436047399050019,0.23466498159173038,0.42962440616998177,0.8397560152470738,1.2602841716731847
paddy168,168,10,3,control_paired_ratio_change,0.00245248960927974,-0.0031721824352353802,0.018447477596909734,999,0,conditional_on_identified_replicates,90,6,72,0.5357142857142857,reused_first_batch_B01,-0.03687783286237404,-0.011411193079584755,0.00245248960927974,0.041677314571825504,0.40576966972779066
water360,360,10,3,range_minus_control_paired_contrast,0.05172146974830888,0.020213616653558652,0.10077434021014059,999,0,conditional_on_identified_replicates,271,0,89,0.7527777777777778,new_missing_cohort_calculation,-0.02951144751965341,0.0011069457994712303,0.05172146974830888,0.14167238982344904,0.2267917671824303
water360,360,10,3,range_paired_ratio_change,0.2549933156087763,0.112154184941468,0.3943743050885854,999,0,conditional_on_identified_replicates,287,0,73,0.7972222222222223,new_missing_cohort_calculation,-0.10896305911367246,0.031022948559302516,0.2549933156087763,0.4842849736098619,0.6582427368379501
water360,360,10,3,control_paired_ratio_change,0.13008265645117234,0.07359507096158846,0.305998761393478,999,0,conditional_on_identified_replicates,273,0,87,0.7583333333333333,new_missing_cohort_calculation,-0.13357950165097593,0.005684055244574125,0.13008265645117234,0.39322937229460236,0.5817372779397082
changed540,540,10,3,range_minus_control_paired_contrast,0.11672531673826203,0.0756556159444396,0.19175930167775618,999,0,conditional_on_identified_replicates,443,0,97,0.8203703703703704,reused_first_batch_B02,-0.02065588301161822,0.01608780910045232,0.11672531673826203,0.31659380138517423,0.7192143576317489
changed540,540,10,3,range_paired_ratio_change,0.3397861054797328,0.23204419744899085,0.4189454493329804,999,0,conditional_on_identified_replicates,461,0,79,0.8537037037037037,reused_first_batch_B02,-0.041303151868130765,0.08287293372866211,0.3397861054797328,0.5631721323503428,1.0424982001960286
changed540,540,10,3,control_paired_ratio_change,0.04806091400085299,0.022879556175362414,0.09819745772089547,999,0,conditional_on_identified_replicates,367,0,173,0.6796296296296296,reused_first_batch_B02,-0.10220799123302318,-0.007960686984473261,0.04806091400085299,0.32392059343519675,0.5257434625925617
changed_paddy162,162,9,3,range_minus_control_paired_contrast,0.42973849540682674,0.34656583248536565,0.5234320382668296,999,0,conditional_on_identified_replicates,154,0,8,0.9506172839506173,new_missing_cohort_calculation,0.09980319242537519,0.22699326720583368,0.42973849540682674,0.7218760500942416,0.9567486290776772
changed_paddy162,162,9,3,range_paired_ratio_change,0.43335487507805426,0.3632081588980512,0.535768711802933,999,0,conditional_on_identified_replicates,156,0,6,0.9629629629629629,new_missing_cohort_calculation,0.09495466276394399,0.23723031746743933,0.43335487507805426,0.8474775374676575,1.2643418930575667
changed_paddy162,162,9,3,control_paired_ratio_change,0.00303505537324944,-0.0049177200067213375,0.01863914345350473,999,0,conditional_on_identified_replicates,90,0,72,0.5555555555555556,new_missing_cohort_calculation,-0.03767402127458529,-0.012315901940638613,0.00303505537324944,0.04623119718688551,0.4071628392849435
