scope,record_set,distance_m,pair_id,lead_day,records,active,no_question,joint_defined,both_detected,both_not_detected,old_only,null_only,agreement,agreement_rate,new_detected,old_detected,numerical_missing
all_existing,D08_W50_control,20,P1_continue_vs_stop,10,50,50,0,50,46,4,0,0,50,1.0,46,46,0
all_existing,D08_W50_control,20,P1_continue_vs_stop,30,50,50,0,50,46,4,0,0,50,1.0,46,46,0
all_existing,D08_W50_control,20,P2_current_vs_1p5x,10,50,50,0,50,46,4,0,0,50,1.0,46,46,0
all_existing,D08_W50_control,20,P2_current_vs_1p5x,30,50,50,0,50,46,4,0,0,50,1.0,46,46,0
all_existing,D08_W50_range,20,P1_continue_vs_stop,10,50,50,0,50,45,5,0,0,50,1.0,45,45,0
all_existing,D08_W50_range,20,P1_continue_vs_stop,30,50,50,0,50,45,5,0,0,50,1.0,45,45,0
all_existing,D08_W50_range,20,P2_current_vs_1p5x,10,50,50,0,50,45,5,0,0,50,1.0,45,45,0
all_existing,D08_W50_range,20,P2_current_vs_1p5x,30,50,50,0,50,45,5,0,0,50,1.0,45,45,0
all_existing,D08_W50_stop_control,20,P1_continue_vs_stop,10,50,50,0,50,46,4,0,0,50,1.0,46,46,0
all_existing,D08_W50_stop_control,20,P1_continue_vs_stop,30,50,50,0,50,46,4,0,0,50,1.0,46,46,0
all_existing,D08_W50_stop_control,20,P2_current_vs_1p5x,10,50,50,0,50,46,4,0,0,50,1.0,46,46,0
all_existing,D08_W50_stop_control,20,P2_current_vs_1p5x,30,50,50,0,50,46,4,0,0,50,1.0,46,46,0
all_existing,calendar200m,200,P1_continue_vs_stop,10,2160,1242,918,1242,665,567,4,6,1232,0.9919484702093397,671,669,0
all_existing,calendar200m,200,P1_continue_vs_stop,30,2160,1242,918,1242,671,566,5,0,1237,0.9959742351046699,671,676,0
all_existing,calendar200m,200,P2_current_vs_1p5x,10,2160,1242,918,1242,665,567,4,6,1232,0.9919484702093397,671,669,0
all_existing,calendar200m,200,P2_current_vs_1p5x,30,2160,1242,918,1242,671,566,5,0,1237,0.9959742351046699,671,676,0
all_existing,calendar20m,20,P1_continue_vs_stop,10,2160,1242,918,1242,1073,155,14,0,1228,0.9887278582930756,1073,1087,0
all_existing,calendar20m,20,P1_continue_vs_stop,30,2160,1242,918,1242,1073,155,14,0,1228,0.9887278582930756,1073,1087,0
all_existing,calendar20m,20,P2_current_vs_1p5x,10,2160,1242,918,1242,1073,155,14,0,1228,0.9887278582930756,1073,1087,0
all_existing,calendar20m,20,P2_current_vs_1p5x,30,2160,1242,918,1242,1073,155,14,0,1228,0.9887278582930756,1073,1087,0
all_existing,design,200,P1_continue_vs_stop,10,1230,1230,0,1230,918,299,6,7,1217,0.989430894308943,925,924,0
all_existing,design,200,P1_continue_vs_stop,30,1230,1230,0,1230,925,298,7,0,1223,0.9943089430894309,925,932,0
all_existing,design,200,P2_current_vs_1p5x,10,1230,1230,0,1230,918,299,6,7,1217,0.989430894308943,925,924,0
all_existing,design,200,P2_current_vs_1p5x,30,1230,1230,0,1230,925,298,7,0,1223,0.9943089430894309,925,932,0
all_existing,map,200,P1_continue_vs_stop,10,720,720,0,720,472,239,3,6,711,0.9875,478,475,0
all_existing,map,200,P1_continue_vs_stop,30,720,720,0,720,478,239,3,0,717,0.9958333333333333,478,481,0
all_existing,map,200,P2_current_vs_1p5x,10,720,720,0,720,472,239,3,6,711,0.9875,478,475,0
all_existing,map,200,P2_current_vs_1p5x,30,720,720,0,720,478,239,3,0,717,0.9958333333333333,478,481,0
map1260,,200,P1_continue_vs_stop,10,1260,1260,0,1260,852,395,4,9,1247,0.9896825396825397,861,856,0
map1260,,200,P1_continue_vs_stop,30,1260,1260,0,1260,861,395,4,0,1256,0.9968253968253968,861,865,0
map1260,,200,P2_current_vs_1p5x,10,1260,1260,0,1260,852,395,4,9,1247,0.9896825396825397,861,856,0
map1260,,200,P2_current_vs_1p5x,30,1260,1260,0,1260,861,395,4,0,1256,0.9968253968253968,861,865,0
